Gender,University,Age,Type_of_Residence,Family_Size,Parental_Status,Mother_Education,Father_Education,Mother_Job,Father_Job,Primary_Guardian,Motivation_Level,University_Selection_Method,University_Choice_Reason,Program_Choice_Personal,Program_Satisfaction_Level,Living_Arrangement,Travel_Time_,Study_Hours_Per_Week,Failed_Classes,Num_Failed_Classes,Extra_Support_University,Changed_Major,Reason_Changed_Major,Considered_Dropout,Reason_Considered_Dropout,Adjustment_Issues,Adjustment_Difficulty,Stress_Frequency,Made_Friends,Hangout_Frequency,Social_Activity_Frequency,Extracurricular_Participation,Free_Time,Classmate_Cooperation,Mentor_Support,Internet_At_Home,In_Relationship,Relationship_Satisfaction,Family_Relationships,Overall_Health,Bullying_Frequency,PartTime_Job,Absences_Semester,Average_CGPA,CGPA_Satisfaction
M,DIU,23,U,GT3,A,1,0,Housewife ,Farmer ,Father,3,Own choice,Reputation,Yes,2,In university halls,10,2,Yes,1,Yes,No,,No,,No major issues,1,Rarely,Yes,5,Sometimes,Yes,2,5,2,Yes,No,,5,5,Never,No,2,3.28,3
M,DIU,24,R,GT3,A,3,4,Housewife,Teacher ,Father,3,Referred by someone,Waiver Policy,Yes,3,In university halls,30,2,No,0,Yes,No,,No,Financial problems,Homesickness,4,Sometimes,Yes,4,Sometimes,No,1,3,3,Yes,No,,5,4,Rarely,No,0,3.71,4
F,DIU,19,R,GT3,A,2,2,Housewife ,Farmer ,Father,1,Referred by someone,Reputation,Yes,1,In university halls,30,3,No,0,Yes,No,Personal or family reasons,No,Personal reasons,Homesickness,2,Sometimes,No,1,Never,No,2,2,2,Yes,No,,1,3,Never,No,2,0,3
M,DIU,24,U,GT3,A,1,3,Housewife ,Govt Job,Father,1,Own choice,Course,No,1,Private accommodation,,,,,,,,,,,,,,,,,,,,,,,,,,,,,
M,DIU,23,U,GT3,A,4,4,Housewife ,Businessman,Father,4,Admission exam,Admission ,No,5,Private accommodation,20,1,No,,No,No,,No,,Difficulty understanding academic content,2,Rarely,Yes,3,Rarely,No,3,4,4,Yes,Yes,4,5,3,Never,Yes,,3.49,4
M,DIU,23,U,GT3,A,3,4,Housewife,Govt Job,Father,5,Own choice,Near Home,Yes,4,In university halls,10,3,No,,Yes,No,,No,,Difficulty understanding academic content,2,Sometimes,Yes,3,Often,Yes,5,4,3,Yes,No,,5,5,Never,No,0,4,5
F,DIU,23,U,GT3,,3,4,Housewife ,Govt Job,Siblings ,1,Referred by someone,Reputation,Yes,1,With family,,2,No,0,Yes,No,,Yes,Academic difficulties,Difficulty understanding academic content,5,Rarely,Yes,5,Rarely,No,1,4,1,Yes,No,1,4,1,Sometimes,No,3,3.5,1
M,DIU,23,U,GT3,A,3,4,Housewife ,Businessman ,Father,3,Own choice,Course,Yes,3,In university halls,10,1,No,0,Yes,No,,Yes,Personal reasons,Difficulty making friends,4,Often,No,2,Never,No,5,1,1,Yes,No,,5,5,Rarely,No,1,3.5,1
M,DIU,,R,GT3,A,4,4,Housewife,Businessman,Father,4,Referred by someone,Reputation,Yes,4,In university halls,10,3,No,,Yes,No,,No,,Difficulty making friends,3,Sometimes,No,3,Never,No,4,3,4,Yes,Yes,3,5,5,Never,No,0,3.63,3
F,DIU,21,R,LE3,T,3,3,Housewife ,Migrate worker,Father,3,Own choice,Near Home,Yes,2,With family,30,3,No,0,No,No,Better career opportunities in the new major,No,,Difficulty understanding academic content,5,Often,No,1,Rarely,Yes,2,1,2,Yes,Yes,5,4,3,Rarely,No,1,3.02,2
M,DIU,25,U,GT3,A,3,4,Housewife ,Service holder ,Father,1,Referred by someone,,Yes,1,In university halls,10,1,Yes,2,No,Yes,Lack of interest in the original major,No,,Difficulty making friends,5,Often,Yes,2,Never,No,3,2,2,Yes,No,,4,3,Rarely,No,20,2.6,1
M,DIU,24,U,GT3,A,2,4,Housewife,Govt Job,Father,2,Referred by someone,Reputation,Yes,3,In university halls,20,3,No,0,Yes,No,Better career opportunities in the new major,No,Difficulty adjusting to university life,Difficulty understanding academic content,2,Sometimes,Yes,3,Sometimes,Yes,3,3,3,Yes,Yes,3,4,3,Never,No,22,3.26,3
F,DIU,23,U,GT3,A,4,4,Housewife ,Teacher ,Father,1,Referred by someone,Reputation,No,4,With family,130,1,No,,Yes,No,,No,,No major issues,5,Often,Yes,4,Never,No,1,5,2,Yes,Yes,2,5,3,Rarely,No,,3.7,4
M,DIU,22,U,GT3,T,4,4,Housewife ,Teacher,Father,3,Own choice,Course,Yes,3,Private accommodation,,4,No,,Yes,No,,No,,No major issues,2,Often,Yes,4,Often,Yes,3,4,4,Yes,Yes,5,5,4,Rarely,No,1,3.5,4
M,DIU,23,R,GT3,A,4,4,Teacher,Advocate,Father,3,Own choice,Course,Yes,3,In university halls,20,3,No,0,No,No,Difficulty in previous courses,No,Personal reasons,No major issues,4,Never,Yes,3,Very Often,Yes,3,3,3,Yes,Yes,5,4,5,Always,No,1,3,1
M,DIU,25,U,LE3,A,0,0,Housewife,Farmer ,Mother,1,Own choice,Reputation,No,1,In university halls,20,1,No,0,No,No,Difficulty in previous courses,No,Academic difficulties,Homesickness,5,Always,No,3,Never,No,5,3,3,No,No,1,5,1,Never,No,0,2.98,1
F,DIU,23,R,GT3,A,3,4,Business women ,Teacher ,Both,4,Referred by someone,Near Home,Yes,4,In university halls,10,3,No,0,Yes,No,Nothing ,No,Academic difficulties,Difficulty making friends,3,Sometimes,No,2,Never,No,3,2,2,Yes,Yes,5,5,1,Sometimes,No,0,3.65,3
F,DIU,24,U,GT3,A,4,4,Housewife ,Businessman ,Father,1,Own choice,Course,Yes,2,In university halls,10,1,No,,Yes,No,,No,,Difficulty understanding academic content,2,Sometimes,Yes,2,Sometimes,Yes,1,3,3,Yes,No,,5,2,Rarely,No,5,3.33,1
F,DIU,19,R,GT3,A,1,1,Housewife ,,Father,2,Own choice,Course,Yes,1,In university halls,,3,No,,Yes,No,Difficulty in previous courses,No,Financial problems,No major issues,1,Never,Yes,1,Sometimes,Yes,1,1,1,Yes,No,,2,1,Never,Yes,,,1
M,DIU,20,U,GT3,A,4,4,Housewife ,Govt Job,Father,3,Referred by someone,Reputation,Yes,3,With family,,2,No,,Yes,No,,No,,Difficulty understanding academic content,3,Often,No,2,Rarely,No,3,2,3,Yes,No,,4,3,Rarely,No,,,
F,DIU,22,U,LE3,A,3,4,Housewife ,Businessman ,Father,4,Referred by someone,Campus ,Yes,3,In university halls,10,3,No,0,No,No,Difficulty in previous courses,Yes,Academic difficulties,Difficulty understanding academic content,5,Sometimes,Yes,3,Sometimes,Yes,2,2,4,Yes,Yes,5,5,3,Never,No,15,3.17,3
M,DIU,24,R,GT3,A,4,4,Housewife,Engineer,Father,2,Own choice,Reputation,Yes,1,In university halls,10,2,No,0,Yes,No,Not changed,No,Never,No major issues,2,Often,Yes,4,Sometimes,Yes,3,4,2,Yes,No,1,5,5,Never,No,0,3.7,4
F,DIU,21,R,GT3,A,4,4,Health assistant ,Teacher ,Mother,1,Referred by someone,Near Home,No,1,In university halls,30,3,No,0,Yes,No,,No,No,No major issues,1,Sometimes,Yes,5,Sometimes,Yes,5,1,3,Yes,No,1,5,3,Never,No,0,No,3
F,DIU,23,U,GT3,A,3,4,Housewife ,Businessman,Father,3,Own choice,Course,Yes,5,With family,150,3,No,0,Yes,No,Personal or family reasons,No,Personal reasons,No major issues,3,Often,Yes,2,Rarely,Yes,2,2,3,Yes,No,1,5,5,Never,No,2,3.5,3
M,DIU,24,R,GT3,A,1,2,Housewife,Shopkeeper,Father,3,Own choice,Near Home,Yes,4,With family,120,1,No,0,Yes,No,Difficulty in previous courses,No,No,No major issues,3,Sometimes,Yes,4,Rarely,No,3,3,3,Yes,Yes,4,5,3,Never,Yes,0,3.35,4
F,DIU,23,R,GT3,A,3,4,Housewife ,Banker,Father,2,Own choice,Near Home,Yes,2,With family,60,1,No,0,Yes,No,Nothing ,No,Nothing ,No major issues,1,Often,Yes,1,Never,No,3,1,1,Yes,Yes,5,4,1,Never,No,20,3.18,1
M,DIU,22,U,GT3,T,2,4,Housewife ,Businessman ,Father,2,Own choice,Course,Yes,1,With family,90,1,No,0,No,No,No,No,Personal reasons,Difficulty understanding academic content,4,Never,Yes,1,Often,Yes,2,1,1,Yes,No,1,3,3,Never,No,4,2.75,2
F,DIU,22,U,GT3,A,4,4,Housewife ,Businessman ,Father,5,Own choice,Near Home,Yes,3,In university halls,20,1,Yes,3,No,Yes,Difficulty in previous courses,No,Lack of interest in the program,Difficulty understanding academic content,3,Sometimes,Yes,5,Often,Yes,5,5,3,Yes,No,3,5,3,Sometimes,No,0,2.98,3
M,DIU,23,R,LE3,A,3,4,Teacher,Govt Job,Father,4,Referred by someone,Course,Yes,4,Private accommodation,10,1,Yes,3,Yes,No,no,Yes,Poor teaching or learning environment,Difficulty making friends,4,Often,Yes,5,Rarely,No,4,2,1,Yes,Yes,4,4,3,Rarely,Yes,5,3.3,2
F,DIU,23,U,GT3,A,4,4,Housewife,Account Manager ,Father,3,Own choice,Course,Yes,4,With family,120,3,No,0,Yes,No,Personal or family reasons,No,Health issues,No major issues,3,Sometimes,Yes,2,Rarely,Yes,1,1,3,Yes,No,1,5,2,Never,Yes,10,3.6,1
F,DIU,22,U,LE3,A,3,4,Housewife ,Businessman ,Father,1,Own choice,Campus and hall facility ,Yes,1,Private accommodation,150,3,No,0,Yes,No,Personal or family reasons,No,Health issues,Difficulty understanding academic content,3,Sometimes,No,3,Sometimes,No,3,3,3,Yes,Yes,1,3,3,Never,No,2,3,1
F,DIU,23,U,GT3,A,3,3,Housewife ,Businessman,Father,2,Own choice,Reputation,Yes,3,In university halls,10,1,No,0,Yes,No,No,No,No,Difficulty understanding academic content,3,Always,Yes,3,Sometimes,Yes,3,4,3,Yes,Yes,4,5,2,Never,No,3,3.2,1
M,DIU,24,U,GT3,A,3,4,Housewife ,Service holder,Father,3,Own choice,Near Home,Yes,4,With family,150,1,No,0,Yes,No,Sometimes lacking interest in the original major ,No,Never considered to drop ,Difficulty understanding academic content,2,Sometimes,Yes,3,Rarely,No,2,3,1,Yes,No,3,3,4,Never,No,1,3.49,2
M,DIU,24,U,GT3,T,4,4,Housewife ,Govt Job,Father,3,Referred by someone,Near Home,No,4,With family,150,2,No,0,Yes,No,Better career opportunities in the new major,No,Health issues,Difficulty making friends,3,Often,Yes,2,Never,No,1,2,3,Yes,No,1,3,2,Rarely,No,0,3.93,4
M,DIU,25,R,GT3,A,3,4,Housewife ,Businessman ,Mother,3,Own choice,Near Home,Yes,2,In university halls,60,1,No,0,Yes,No,Never,No,No,Difficulty making friends,3,Sometimes,Yes,2,Sometimes,Yes,3,3,1,Yes,Yes,2,5,5,Never,No,10,3.3,3
M,DIU,25,R,GT3,A,4,4,Housewife,Service holder,Father,4,Own choice,Reputation,Yes,2,With family,120,2,No,0,Yes,No,No,No,No,Difficulty understanding academic content,3,Often,Yes,4,Rarely,No,4,5,5,Yes,Yes,5,5,4,Never,No,2,3.5,3
F,DIU,21,R,GT3,A,4,4,Teacher,Teacher ,Mother,5,Own choice,Reputation,Yes,4,In university halls,20,4,No,0,Yes,No,Difficulty in previous courses,No,Personal reasons,No major issues,1,Sometimes,Yes,3,Often,Yes,2,5,5,Yes,No,1,5,4,Never,No,9,3.83,3
M,DIU,24,U,GT3,A,4,4,Housewife ,Teacher,Father,2,Own choice,Reputation,Yes,4,In university halls,20,3,No,0,No,No,No,No,Health issues,No major issues,3,Never,Yes,3,Rarely,No,3,4,2,Yes,No,1,5,5,Never,No,4,3.4,3
F,DIU,24,U,GT3,A,3,4,Housewife ,Businessman,Father,4,Referred by someone,Near Home,Yes,4,In university halls,20,1,Yes,1,No,No,Personal or family reasons,No,Personal reasons,No major issues,5,Sometimes,No,1,Never,No,5,3,5,Yes,No,3,5,4,Never,No,0,3.5,2
M,DIU,23,R,GT3,A,4,4,Housewife ,Businessman,Father,5,Own choice,Near Home,No,2,With family,120,3,No,0,No,No,N/A,Yes,Lack of interest in the program,No major issues,3,Sometimes,Yes,4,Very Often,Yes,3,2,5,Yes,No,1,5,3,Rarely,No,7,3.24,1
F,DIU,22,U,GT3,A,3,4,Housewife ,Retired ,Mother,3,Own choice,Reputation,Yes,3,With family,120,2,No,,Yes,No,,No,Poor teaching or learning environment,Difficulty understanding academic content,3,Sometimes,Yes,5,Very Often,No,2,4,2,Yes,No,,4,1,Rarely,Yes,1,3.6,1
F,DIU,22,R,LE3,A,4,4,Housewife ,Service holder,Father,2,Own choice,Course,Yes,5,In university halls,20,3,No,0,No,No,Better career opportunities in the new major,No,Health issues,Difficulty understanding academic content,3,Sometimes,No,5,Often,Yes,4,4,5,No,No,4,4,3,Sometimes,No,21,3,2
F,DIU,24,R,LE3,A,2,3,Housewife,Govt Job,Father,5,Own choice,Course,Yes,3,In university halls,10,2,No,1,Yes,Yes,Personal or family reasons,No,Poor teaching or learning environment,Homesickness,5,Often,No,4,Often,Yes,1,3,5,No,No,1,5,2,Sometimes,Yes,0,3.25,5
M,DIU,24,U,GT3,T,4,4,Doctor ,Service holder,Mother,3,Referred by someone,Course,Yes,4,With family,120,2,No,0,Yes,No,,No,,No major issues,1,Sometimes,Yes,3,Never,No,1,3,4,Yes,No,,4,4,Never,No,2,3.29,3
F,DIU,23,U,GT3,A,4,4,Teacher ,Teacher ,Father,3,Own choice,Near Home,No,1,With family,120,2,No,,Yes,No,,No,,No major issues,2,Always,Yes,2,Never,No,1,3,1,Yes,No,,4,4,Never,Yes,3,3.7,4
M,DIU,21,U,GT3,T,4,4,Housewife ,Teacher ,Father,5,Own choice,Near Home,Yes,5,In university halls,10,4,No,0,No,Yes,Personal or family reasons,No,Health issues,No major issues,5,Sometimes,Yes,5,Sometimes,No,5,5,5,No,No,5,5,5,Sometimes,No,0,2.8,4
M,DIU,24,U,GT3,A,4,4,Teacher ,Teacher ,Father,2,Referred by someone,Waiver ,No,1,With family,120,1,No,,Yes,No,,No,,No major issues,3,Always,Yes,2,Never,No,1,3,1,Yes,No,,2,3,Never,Yes,4,3.7,3
F,DIU,21,R,GT3,A,1,1,Housewife ,Farmer,Father,5,Own choice,Course,Yes,4,In university halls,20,2,No,,No,No,,No,,Homesickness,1,Never,Yes,5,Sometimes,No,5,5,1,No,Yes,5,5,3,Never,No,5,3.25,3
F,DIU,21,U,LE3,A,4,4,Housewife,Migrate worker,Father,1,Own choice,Waiver ,Yes,2,With family,40,1,No,,Yes,No,,No,,Difficulty understanding academic content,5,Always,Yes,1,Never,No,2,1,2,Yes,No,,3,1,Sometimes,No,2,3.65,1
F,DIU,22,U,LE3,A,4,4,Housewife,Teacher,Father,4,Own choice,Reputation,Yes,4,In university halls,20,2,No,0,Yes,No,,No,,Homesickness,2,Rarely,Yes,2,Rarely,Yes,2,2,1,Yes,Yes,4,5,3,Rarely,No,3,3.96,4
F,DIU,21,U,GT3,A,4,4,Housewife ,Engineer,Father,3,Own choice,Course,Yes,4,With family,20,2,No,,Yes,No,,No,,No major issues,3,Sometimes,Yes,2,Never,No,2,3,3,Yes,No,,5,3,Never,No,0,3.81,1
F,DIU,24,U,GT3,A,4,4,Teacher ,Engineer ,Father,3,Referred by someone,Reputation,Yes,2,In university halls,20,3,No,,Yes,No,,No,,Difficulty making friends,5,Often,No,1,Never,No,1,3,4,Yes,No,,4,1,Never,Yes,3,3.5,3
F,DIU,21,U,GT3,A,4,4,Govt job ,Govt job,Mother,5,Own choice,Reputation,Yes,5,With family,40,2,Yes,1,Yes,No,Better career opportunities in the new major,No,Financial problems,No major issues,5,Always,Yes,5,Never,No,5,5,5,Yes,Yes,5,5,1,Never,No,3,3.3,1
F,DIU,21,U,GT3,A,1,2,Housewife,Service holder,Father,1,Referred by someone,Reputation,Yes,3,With family,60,1,No,,No,No,,No,,Difficulty understanding academic content,3,Rarely,Yes,2,Never,No,1,3,3,Yes,No,,4,3,Never,No,2,3.38,2
F,DIU,22,U,GT3,A,4,4,Housewife ,Govt job,Father,2,Own choice,Reputation,Yes,3,With family,60,2,No,,Yes,No,,No,,No major issues,4,Rarely,Yes,3,Never,No,2,3,4,Yes,Yes,5,5,4,Never,No,1,3.27,2
F,DIU,21,U,GT3,A,4,4,Housewife,Teacher ,Father,4,Referred by someone,Course,Yes,3,With family,60,4,No,0,Yes,No,,Yes,Poor teaching or learning environment,Difficulty understanding academic content,3,Sometimes,Yes,3,Rarely,Yes,2,3,3,Yes,No,,4,3,Sometimes,No,3,,3
F,DIU,23,R,GT3,A,3,3,Housewife ,Service holder ,Father,1,Own choice,Reputation,No,1,In university halls,120,2,No,,No,No,,No,,Difficulty making friends,5,Always,No,2,Never,No,1,2,1,Yes,No,,4,3,Sometimes,No,12,3.34,1
F,DIU,24,U,GT3,A,4,4,Housewife ,Service holder ,My uncle,3,Referred by someone,Reputation,Yes,2,In university halls,10,1,No,,No,No,,Yes,Financial problems,Difficulty understanding academic content,4,Always,Yes,2,Rarely,No,2,2,2,Yes,No,,3,2,Never,Yes,5,3.62,1
F,DIU,26,U,GT3,A,3,3,Housewife ,Service holder,Father,3,Own choice,Near Home,Yes,2,With family,60,2,Yes,3,Yes,No,,Yes,Family responsibilities,Difficulty understanding academic content,4,Sometimes,Yes,4,Sometimes,No,3,3,3,Yes,Yes,3,3,3,Rarely,No,8,2.8,1
F,DIU,22,U,GT3,A,4,4,Housewife,Service holder,Father,3,Own choice,Reputation,Yes,3,With family,40,1,Yes,1,Yes,No,,No,,No major issues,4,Often,Yes,2,Sometimes,No,2,2,2,Yes,No,,3,2,Rarely,Yes,7,3.38,2
F,DIU,22,R,GT3,A,3,3,Housewife ,Businessman,Father,5,Referred by someone,Reputation,Yes,4,With family,60,2,No,,Yes,No,,No,,No major issues,2,Often,Yes,4,Never,No,3,4,5,Yes,Yes,5,5,3,Never,No,0,3.62,2
F,DIU,23,U,GT3,A,3,3,Housewife ,Businessman ,Father,3,Own choice,Near Home,Yes,2,With family,120,3,No,0,Yes,No,,No,,No major issues,3,Always,No,3,Rarely,No,3,4,3,Yes,No,,5,2,Never,No,0,3.84,4
M,SMUCT,24,R,GT3,A,3,3,Housewife,Businessman,Mother,3,Own choice,Near Home,Yes,1,With family,50,3,No,0,Yes,Yes,Better career opportunities in the new major,Yes,Poor teaching or learning environment,Difficulty making friends,5,Sometimes,Yes,3,Rarely,Yes,3,3,4,Yes,Yes,5,5,2,Never,No,2,3.67,2
M,SMUCT,23,U,GT3,A,3,2,Housewife ,Service holder ,Father,3,Referred by someone,Near Home,Yes,3,With family,120,1,No,0,Yes,No,,Yes,Financial problems,Homesickness,3,Sometimes,Yes,3,Sometimes,Yes,1,3,3,Yes,Yes,3,5,3,Sometimes,Yes,3,3,4
F,IUBAT,23,R,LE3,A,3,3,Teacher ,Businessman,Father,4,Own choice,Reputation,Yes,4,Private accommodation,120,3,No,,No,No,Lack of interest in the original major,No,Family responsibilities,No major issues,2,Never,Yes,4,Sometimes,Yes,5,4,4,Yes,No,,5,5,Never,No,2,3.48,2
F,DIU,24,R,GT3,T,3,4,Housewife ,Army,Father,4,Own choice,Reputation,Yes,4,In university halls,10,3,Yes,2,Yes,No,Nothing ,No,Financial problems,Homesickness,3,Sometimes,Yes,3,Sometimes,Yes,3,3,3,Yes,No,1,4,3,Sometimes,No,4,3.46,2
F,DIU,22,U,LE3,A,4,4,Housewife,Businessesman,Father,4,Own choice,Reputation,Yes,3,With family,20,2,Yes,3,Yes,No,,No,,Difficulty understanding academic content,3,Often,Yes,3,Sometimes,Yes,3,3,3,Yes,No,,4,4,Never,Yes,1,3,3
F,DIU,23,U,LE3,A,4,4,Housewife,Retired,Father,3,Own choice,Reputation,Yes,4,With family,120,2,No,0,Yes,No,,No,,Difficulty understanding academic content,3,Sometimes,Yes,2,Often,Yes,3,3,4,Yes,Yes,4,4,3,Rarely,No,1,3.5,3
F,AUST ,22,U,GT3,A,4,4,Housewife ,Businessman ,Father,4,Own choice,Reputation,Yes,4,With family,90,2,No,,Yes,No,,No,,No major issues,2,Sometimes,Yes,3,Sometimes,Yes,2,5,5,Yes,No,,4,4,Never,No,5,3.12,3
M,DIU,24,U,GT3,A,3,3,Housewife ,Govt job,Father,4,Own choice,Reputation,Yes,3,Private accommodation,120,2,Yes,1,No,No,,Yes,Difficulty adjusting to university life,Homesickness,3,Often,Yes,3,Sometimes,No,3,4,4,Yes,No,,4,3,Often,No,3,2.8,2
M,DIU,23,U,LE3,A,3,3,Housewife ,Businessman,Mother,3,Own choice,Near Home,Yes,3,With family,10,4,No,,Yes,No,,No,,No major issues,2,Rarely,Yes,3,Sometimes,No,2,5,1,Yes,No,,3,5,Rarely,Yes,20,3.8,4
M,DIU,25,R,GT3,A,4,4,Govt job ,Businessman,Father,3,Own choice,Near Home,No,3,With family,50,2,No,,No,No,,No,,Difficulty understanding academic content,3,Sometimes,Yes,3,Never,Yes,3,3,3,Yes,Yes,5,4,4,Never,No,10,3.05,2
F,DIU,22,R,GT3,A,2,2,Housewife ,Service holder ,Father,5,Own choice,Near Home,Yes,5,With family,150,2,Yes,3,Yes,No,Lack of interest in the original major,No,Personal reasons,Difficulty understanding academic content,5,Never,Yes,5,Sometimes,Yes,1,5,5,Yes,No,1,5,1,Never,No,5,3.11,1
M,DIU,21,U,GT3,A,4,4,Housewife ,Manager,Father,1,Own choice,Waiver and transport ,No,3,With family,60,1,No,,Yes,No,,Yes,Lack of interest in the program,No major issues,3,Often,Yes,1,Never,No,1,1,3,Yes,No,,5,3,Rarely,Yes,7,3.96,5
M,DIU,25,R,LE3,A,4,4,Teacher,Teacher,Father,3,Own choice,Reputation,Yes,3,In university halls,120,1,No,0,Yes,No,No changed,No,Did not considered ,Difficulty understanding academic content,3,Sometimes,Yes,3,Rarely,No,3,3,4,Yes,No,,5,3,Never,No,5,3.12,3
M,DIU,21,U,GT3,A,4,4,Teacher,Dead ,Mother,4,Referred by someone,Course,Yes,4,Private accommodation,10,2,No,,No,No,,No,,No major issues,4,Always,Yes,4,Sometimes,No,2,3,4,Yes,Yes,5,4,2,Rarely,No,1,3.51,3
F,DIU,22,R,LE3,A,3,3,Housewife,Businessman ,Father,1,Own choice,Near Home,Yes,1,With family,40,1,No,0,Yes,No,,No,Never,Homesickness,5,Never,No,1,Never,No,1,1,1,Yes,No,1,1,1,Sometimes,No,4,3,1
M,DIU,22,R,GT3,A,3,3,Housewife ,Govt job,Father,3,Own choice,Reputation,Yes,4,With family,30,1,No,0,Yes,No,,No,,No major issues,3,Sometimes,Yes,4,Never,No,3,3,4,Yes,No,,5,4,Never,No,4,3. 44,3
M,DIU,22,U,GT3,A,4,4,Housewife,Govt job,Father,4,Own choice,Reputation,Yes,4,Private accommodation,120,2,No,,No,Yes,Better career opportunities in the new major,No,,Homesickness,4,Often,Yes,2,Rarely,Yes,1,2,3,Yes,Yes,4,5,4,Never,Yes,3,3.42,3
M,DIU,25,U,GT3,A,2,3,Housewife ,Businessman,Father,2,Referred by someone,Waiver ,Yes,2,With family,120,1,No,0,Yes,No,Better career opportunities in the new major,No,Family responsibilities,Difficulty understanding academic content,3,Sometimes,Yes,3,Sometimes,No,3,3,3,Yes,No,1,3,3,Never,No,15,,3
M,BUFT,21,U,GT3,A,3,4,Housewife ,Army,Father,4,Referred by someone,Course,Yes,3,With family,120,1,No,0,No,No,No comment ,No,Personal reasons,No major issues,2,Sometimes,No,1,Sometimes,Yes,1,3,3,Yes,No,1,5,4,Rarely,No,2,3.5,2
M,BUFT,26,U,LE3,A,1,1,Housewife,Service holder ,Father,4,Own choice,Reputation,Yes,4,In university halls,20,2,Yes,,Yes,Yes,Personal or family reasons,Yes,Health issues,No major issues,4,Always,Yes,5,Often,No,5,5,3,Yes,No,5,4,4,Often,Yes,0,3,3
M,BUFT,22,U,LE3,A,0,1,Housewife ,Contractor,Father,3,Brother ,Course & Reputation ,Yes,3,With family,20,3,No,,Yes,No,,No,,Homesickness,4,Sometimes,Yes,2,Sometimes,Yes,1,3,4,Yes,No,,5,3,Never,No,4,3.77,3
M,BUFT,22,U,GT3,A,4,4,Housewife,Corporate job,Father,3,Referred by someone,Course,Yes,3,With family,150,2,No,,No,No,,No,,No major issues,3,Never,Yes,3,Sometimes,Yes,2,3,3,Yes,No,,3,4,Rarely,No,1,3.5,3
M,SMUCT,28,U,GT3,A,4,4,Housewife,Engineer,Father,5,Referred by someone,Reputation,Yes,5,With family,60,2,No,0,No,No,Personal or family reasons,No,Health issues,Difficulty making friends,3,Sometimes,Yes,3,Sometimes,Yes,3,3,3,Yes,No,1,4,3,Sometimes,Yes,0,3.5,3
M,BUFT,20,R,GT3,T,4,4,Teacher ,Service holder ,Father,5,Own choice,Reputation,Yes,5,Private accommodation,150,3,No,0,No,No,Personal or family reasons,No,No,Homesickness,2,Sometimes,Yes,3,Very Often,Yes,2,4,4,Yes,No,1,5,4,Never,No,3,3.2,3
M,BUFT,24,U,GT3,A,3,2,Housewife,Businessman,Father,2,Own choice,Reputation,Yes,2,Private accommodation,20,3,No,1,No,No,Personal or family reasons,No,Personal reasons,No major issues,2,Never,Yes,5,Never,No,2,2,4,Yes,No,1,5,4,Never,No,10,2.75,2
M,BUFT,23,U,GT3,T,3,2,Housewife,Teacher,Father,3,Own choice,Reputation,No,2,In university halls,10,4,No,0,Yes,No,Better career opportunities in the new major,No,Health issues,Difficulty understanding academic content,2,Often,No,1,Rarely,No,2,5,5,Yes,No,4,4,3,Sometimes,No,2,3.34,5
M,BUFT,24,U,GT3,A,2,3,Housewife,Govt job,Father,3,Own choice,Course,Yes,3,With family,60,3,No,,No,No,,No,,Homesickness,1,Sometimes,Yes,4,Rarely,No,1,2,3,Yes,No,,5,3,Never,No,3,3,2
M,BUFT,18,U,GT3,A,4,4,Housewife,Govt job,Father,5,Own choice,Course,Yes,5,Private accommodation,120,4,No,,No,Yes,,No,,Difficulty making friends,3,Sometimes,Yes,3,Sometimes,No,3,5,5,Yes,No,,5,5,Never,No,0,3.5,5
F,BUFT,21,U,LE3,T,4,4,Teacher ,Teacher ,Mother,3,Own choice,Course,Yes,2,Private accommodation,30,3,Yes,1,No,No,,Yes,Difficulty adjusting to university life,Difficulty making friends,4,Often,Yes,3,Never,No,2,3,3,Yes,No,,4,3,Rarely,No,1,,4
M,BUFT,21,U,GT3,A,3,4,Housewife,Businessman,Father,3,Referred by someone,Course,Yes,1,With family,120,2,No,,No,No,,No,,No major issues,5,Always,Yes,2,Rarely,No,2,1,1,Yes,No,,1,1,Sometimes,No,15,2.89,2
M,BUFT,23,U,GT3,A,3,3,Housewife ,Service holder ,Father,5,Referred by someone,Reputation,Yes,3,Private accommodation,60,1,No,,No,No,,No,,Difficulty understanding academic content,3,Sometimes,Yes,2,Very Often,Yes,2,3,3,Yes,Yes,3,5,3,Never,No,6,3.3,1
M,Southeast University ,24,U,GT3,A,4,4,Service holder ,Service holder ,Father,5,Referred by someone,Waiver ,Yes,5,With family,35,2,No,,Yes,No,,No,,No major issues,1,Rarely,Yes,5,Rarely,Yes,5,5,5,Yes,Yes,5,5,5,Never,Yes,2,3.52,1
M,BUFT,21,U,GT3,A,4,4,Housewife,Service holder ,Father,5,Own choice,Course,Yes,5,With family,60,1,No,0,No,Yes,Better career opportunities in the new major,No,Personal reasons,Homesickness,5,Never,No,5,Never,No,5,5,5,Yes,No,1,5,5,Always,No,2,3.5,5
M,BUFT,24,U,LE3,A,3,4,Housewife ,Businessman ,Mother,2,Own choice,Course,Yes,4,In university halls,20,3,No,0,No,No,No change ,No,Personal reasons,No major issues,3,Sometimes,Yes,5,Sometimes,Yes,2,4,3,Yes,No,1,5,3,Sometimes,No,4,3.22,2
M,UIU,25,U,GT3,A,3,4,Housewife ,Service holder,Father,3,Own choice,Reputation,Yes,4,With family,30,2,Yes,3,No,No,,Yes,Family responsibilities,No major issues,3,Never,Yes,3,Often,Yes,1,3,5,Yes,Yes,5,5,1,Never,Yes,2,2.5,3
M,DIU,24,U,GT3,A,4,4,Housewife ,Businessman ,Father,1,Own choice,Reputation,Yes,1,With family,90,1,Yes,3,Yes,No,,No,,No major issues,1,Often,Yes,3,Rarely,No,2,3,3,Yes,No,,5,5,Never,No,1,0,5
M,DIU,23,R,GT3,T,3,3,Housewife ,Police man,Father,5,Own choice,Reputation,Yes,4,Private accommodation,150,3,No,0,Yes,No,Better career opportunities in the new major,No,Health issues,No major issues,3,Sometimes,Yes,3,Rarely,Yes,2,3,4,Yes,Yes,5,5,3,Never,Yes,8,3.32,4
M,DIU,23,U,GT3,A,3,1,Housewife ,Retired ,Mother,3,Own choice,Near Home,Yes,3,With family,40,2,No,,Yes,No,,Yes,Personal reasons,No major issues,2,Sometimes,Yes,4,Rarely,No,3,4,3,Yes,No,,4,3,Never,No,2,3.8,5
M,DIU,23,U,GT3,A,3,4,Housewife,Designer Officer,Father,5,Own choice,Course,Yes,5,With family,100,3,No,,Yes,No,,No,,Difficulty making friends,3,Always,Yes,4,Sometimes,Yes,3,3,3,Yes,No,,5,5,Never,No,5,3.3,1
M,World university ,23,U,GT3,A,3,4,Housewife ,Govt job,Father,3,Referred by someone,Near Home,Yes,3,With family,120,2,No,0,Yes,No,,No,Academic difficulties,No major issues,2,Sometimes,Yes,1,Often,No,1,3,2,Yes,No,,5,5,Rarely,No,4,3.04,3
M,SMUCT,23,U,GT3,A,4,4,Housewife,Retired,Father,5,Referred by someone,Reputation,Yes,4,Private accommodation,30,3,No,0,Yes,No,Better career opportunities in the new major,No,Personal reasons,No major issues,3,Rarely,No,2,Sometimes,Yes,1,2,2,Yes,Yes,1,4,4,Never,Yes,6,3.59,3
F,SMUCT,22,U,GT3,A,4,4,Nurse ,Banker,Father,3,Own choice,Course,Yes,4,With family,60,2,Yes,3,Yes,Yes,Better career opportunities in the new major,Yes,Health issues,Homesickness,3,Rarely,Yes,3,Sometimes,No,1,5,4,Yes,No,1,3,1,Never,No,3,,1
F,BUFT,24,U,GT3,A,3,3,Housewife ,Businessman ,Father,3,Own choice,Course,Yes,4,Private accommodation,40,2,Yes,2,No,Yes,Personal or family reasons,Yes,Family responsibilities,Homesickness,2,Rarely,Yes,3,Rarely,Yes,2,2,3,Yes,Yes,5,3,4,Sometimes,Yes,0,3.2,2
M,DIU,24,U,GT3,A,2,3,Housewife,Private job,Father,4,Referred by someone,Reputation,Yes,3,With family,150,2,No,0,Yes,No,,No,,Difficulty understanding academic content,2,Often,Yes,3,Rarely,Yes,3,4,3,Yes,Yes,4,4,2,Sometimes,Yes,12,3.6,5
M,DIU,23,U,GT3,A,2,3,Housewife,Retired ,Father,3,Own choice,Near Home,Yes,2,Private accommodation,150,2,Yes,1,Yes,No,,Yes,Poor teaching or learning environment,No major issues,3,Always,Yes,2,Rarely,Yes,2,5,3,Yes,Yes,5,4,3,Rarely,No,9,3.5,3
M,UU,23,U,GT3,A,3,3,Housewife ,Private job,Father,4,Own choice,Reputation,Yes,2,With family,150,1,No,,Yes,No,,No,,No major issues,1,Sometimes,Yes,4,Rarely,No,2,2,3,Yes,No,,4,3,Never,No,0,1,4
F,Institute science and technology,23,U,GT3,A,4,4,Housewife,Businessman,Father,4,Own choice,Near Home,Yes,4,With family,120,1,No,,No,No,,Yes,Financial problems,No major issues,1,Sometimes,Yes,2,Rarely,No,1,5,5,Yes,Yes,4,5,3,Never,Yes,15,3.02,4
M,DIU,21,U,GT3,T,1,1,Housewife,Farmer,Father,3,Own choice,Course,Yes,4,Private accommodation,120,1,Yes,3,No,No,Better career opportunities in the new major,No,Academic difficulties,Homesickness,3,Sometimes,No,3,Rarely,No,3,3,3,Yes,Yes,4,5,5,Never,Yes,5,1.21,3
F,SMUCT,26,U,GT3,A,4,4,Housewife ,Businessman ,Father,3,Own choice,Near Home,Yes,3,With family,120,3,No,,Yes,No,,Yes,Personal reasons,No major issues,1,Rarely,Yes,3,Rarely,No,1,5,3,Yes,Yes,2,3,5,Rarely,Yes,12,3.36,3
M,UU,24,U,LE3,A,2,2,Housewife,Farmer,Father,3,Referred by someone,Course,Yes,1,With family,45,3,Yes,1,Yes,Yes,Difficulty in previous courses,Yes,Academic difficulties,Homesickness,2,Always,Yes,4,Never,Yes,2,2,2,Yes,Yes,2,2,2,Rarely,Yes,14,3.3,1
M,UN,24,R,GT3,A,2,2,Housewife ,Businessman ,Father,3,Own choice,Reputation,Yes,1,With family,120,3,Yes,1,No,No,Better career opportunities in the new major,No,Financial problems,No major issues,2,Sometimes,Yes,5,Sometimes,Yes,2,3,4,Yes,No,1,1,4,Never,Yes,20,2.5,2
M,MU,25,U,GT3,A,4,4,Teacher ,Businessman,Father,3,Referred by someone,Near Home,Yes,3,Private accommodation,120,2,Yes,5,Yes,No,,No,,No major issues,3,Sometimes,Yes,3,Rarely,Yes,3,3,2,Yes,No,,4,1,Never,No,10,3.12,2
M,BUFT,22,U,GT3,A,1,0,Housewife,Businessman,Father,1,Own choice,Reputation,Yes,1,With family,60,3,No,,No,No,Lack of interest in the original major,No,Family responsibilities,No major issues,1,Always,Yes,5,Never,No,1,1,5,Yes,No,5,5,5,Never,No,20,3.08,3
F,DIU,23,U,GT3,A,3,4,Housewife ,Service holder,Father,4,Own choice,Course,Yes,4,Private accommodation,240,4,No,,No,No,,No,,Homesickness,3,Sometimes,Yes,3,Sometimes,Yes,3,5,5,Yes,No,,5,4,Never,No,4,3.8,4
F,DIU,23,R,GT3,A,4,4,Housewife ,Businessman ,Father,3,Referred by someone,Course,Yes,4,In university halls,10,3,No,0,Yes,No,,No,,No major issues,2,Sometimes,Yes,1,Sometimes,No,3,4,4,Yes,No,,5,4,Never,Yes,2,3.6,3
F,East west university,23,U,GT3,A,3,2,Housewife,Service holder,Father,4,Own choice,Reputation,Yes,4,With family,150,1,No,,Yes,Yes,Personal or family reasons,No,,No major issues,1,Sometimes,Yes,3,Sometimes,No,3,4,4,Yes,Yes,4,4,4,Never,No,2,3.68,4
F,DIU,23,U,GT3,A,4,4,Housewife ,Businessman,Father,5,Own choice,Course,Yes,3,In university halls,20,1,No,,Yes,No,,No,,No major issues,3,Rarely,Yes,3,Never,No,3,3,3,Yes,No,,5,4,Never,No,2,2.98,3
M,BUFT,22,R,GT3,A,3,3,Housewife ,Dead ,Brother ,3,Own choice,Reputation,Yes,3,With family,150,2,No,0,No,Yes,Lack of interest in the original major,No,Personal reasons,No major issues,3,Rarely,Yes,3,Sometimes,Yes,3,3,3,Yes,No,3,4,5,Sometimes,No,5,3.5,4
F,UU,20,U,GT3,A,3,3,Housewife ,Manager admin,Father,3,Referred by someone,Near Home,Yes,3,With family,120,2,No,0,No,No,,No,,Difficulty understanding academic content,3,Rarely,Yes,2,Sometimes,Yes,3,4,3,Yes,No,,4,2,Never,No,5,3,2
M,DIU,24,U,GT3,A,4,4,Service holder ,Service holder,Father,1,Own choice,Course,Yes,3,With family,45,1,Yes,,Yes,No,,Yes,,No major issues,2,Never,Yes,2,Never,No,3,2,3,Yes,Yes,5,4,4,Often,No,1,3.5,4
M,DIU,25,U,GT3,A,4,4,Housewife ,Govt job,Father,2,Own choice,Course,Yes,3,With family,120,2,No,,Yes,No,,No,,No major issues,3,Never,Yes,4,Often,Yes,3,3,3,Yes,No,,5,5,Sometimes,No,3,3.23,5
M,DIU,25,R,GT3,A,4,4,Housewife,Service holder,Father,5,Own choice,Hall,Yes,5,In university halls,20,1,No,0,Yes,No,Personal or family reasons,No,Financial problems,No major issues,3,Always,Yes,5,Very Often,Yes,5,5,5,Yes,No,5,5,5,Never,No,0,3.83,5
F,DIU,24,U,GT3,A,4,4,Housewife,AGM ,Father,1,Campus,Campus,No,5,In university halls,20,1,No,,No,No,,No,,No major issues,1,Never,Yes,5,Never,Yes,1,1,3,Yes,Yes,5,1,1,Always,No,10,3.9,5
M,DIU,18,U,GT3,T,4,3,Housewife,Businessman,Father,3,Own choice,Course,Yes,3,With family,20,1,No,,Yes,No,,No,,No major issues,2,Sometimes,Yes,4,Often,Yes,3,3,4,Yes,No,,4,4,Rarely,Yes,1,3.5,4
F,DIU,19,U,GT3,A,3,4,Housewife,Businessman,Father,3,Own choice,Near Home,Yes,3,With family,120,2,No,0,Yes,No,Difficulty in previous courses,No,Financial problems,Difficulty making friends,4,Sometimes,No,2,Sometimes,No,1,3,4,Yes,No,1,4,3,Never,No,0,,4
F,DIU,20,U,LE3,A,4,4,Housewife,Banker ,Father,5,Own choice,Course,Yes,4,In university halls,20,2,No,0,No,No,"No, i never change this ",Yes,Health issues,Difficulty making friends,1,Sometimes,No,2,Never,No,3,4,5,Yes,Yes,5,5,3,Never,No,15,,2
M,DIU,21,U,GT3,A,4,4,Housewife,Businessman,Father,4,Referred by someone,Course,Yes,4,With family,40,2,No,1,No,No,No i didnt ,No,Financial problems,No major issues,3,Never,Yes,5,Sometimes,Yes,3,4,3,Yes,No,5,3,5,Sometimes,No,16,4,3
M,DIU,23,U,GT3,A,4,4,Service holder,Teacher,Father,1,Own choice,Reputation,Yes,2,With family,120,2,No,,Yes,No,,Yes,Poor teaching or learning environment,No major issues,3,Sometimes,Yes,2,Never,No,1,4,1,Yes,Yes,3,2,1,Often,Yes,5,3.5,5
M,SMUCT,21,U,LE3,T,4,4,Lawyer,Doctor,Mother,1,Own choice,Reputation,Yes,1,Private accommodation,60,2,Yes,3,No,Yes,Lack of interest in the original major,Yes,Peer pressure or social isolation,Difficulty making friends,3,Rarely,Yes,4,Rarely,Yes,3,3,3,Yes,Yes,5,1,4,Sometimes,Yes,6,3.2,1
F,DIU,23,U,GT3,A,4,3,Teacher ,Businessman,Father,5,Own choice,Course,Yes,1,Private accommodation,120,1,Yes,0,Yes,Yes,Difficulty in previous courses,Yes,Academic difficulties,Homesickness,1,Never,Yes,1,Never,Yes,1,1,1,Yes,Yes,1,1,1,Never,Yes,0,3,3
F,DIU,23,R,GT3,A,4,4,Teacher ,Businessman ,Father,4,Referred by someone,Reputation,No,4,Private accommodation,120,2,No,0,Yes,No,Lack of interest in the original major,No,Lack of interest in the program,Homesickness,3,Rarely,No,2,Rarely,No,1,3,4,Yes,No,3,5,3,Never,No,2,3.05,2
F,UU,21,R,LE3,T,0,2,Housewife,Businessman,myself,2,Referred by someone,Near Home,No,5,Private accommodation,120,2,Yes,2,No,Yes,Lack of interest in the original major,Yes,Family responsibilities,Difficulty understanding academic content,2,Always,Yes,5,Very Often,Yes,5,5,4,No,Yes,1,2,4,Never,Yes,20,3.2,1
M,DIU,23,U,GT3,T,4,4,Teacher ,BGB,Father,1,Own choice,Reputation,No,2,Private accommodation,10,1,No,0,Yes,Yes,Lack of interest in the original major,No,Lack of interest in the program,No major issues,4,Always,Yes,3,Sometimes,Yes,2,2,2,Yes,No,5,4,1,Often,Yes,3,3.35,1
M,DIU,22,U,GT3,T,4,4,Housewife ,Businessman,Father,4,Own choice,Course,Yes,4,With family,120,2,No,0,Yes,No,,No,,No major issues,2,Sometimes,Yes,3,Sometimes,No,4,3,4,Yes,Yes,4,3,3,Rarely,No,0,3.8,3
M,DIU,20,U,GT3,A,3,2,Housewife,Businessman,Father,3,Own choice,Course,Yes,4,Private accommodation,80,3,No,0,Yes,No,No,No,No,No major issues,2,Rarely,Yes,5,Never,No,4,4,4,Yes,Yes,5,5,4,Never,No,2,,4
F,DIU,20,R,GT3,A,4,1,Teacher,Businessman,Both,5,Own choice,Course,Yes,4,With family,180,2,Yes,1,No,No,,No,,Difficulty making friends,2,Often,Yes,2,Very Often,Yes,2,5,5,Yes,No,,5,4,Never,No,1,,4
M,DIU,26,U,GT3,A,4,4,Housewife ,Businessman ,Father,3,Own choice,Reputation,No,3,With family,90,2,No,,No,Yes,Lack of interest in the original major,Yes,Poor teaching or learning environment,No major issues,3,Often,Yes,4,Rarely,Yes,3,1,3,Yes,No,,4,4,Never,No,7,3.15,1
M,DIU,24,R,GT3,T,3,4,Housewife,Deed Writer,Father,2,Referred by someone,Course,Yes,1,With family,240,2,Yes,3,No,No,,Yes,Lack of interest in the program,Difficulty understanding academic content,5,Often,Yes,3,Sometimes,No,1,1,1,Yes,Yes,2,1,2,Sometimes,Yes,15,2.5,1
M,DIU,25,U,GT3,A,3,4,Housewife ,Businessman,Father,3,Own choice,Reputation,Yes,5,With family,120,3,No,0,Yes,No,Nill,No,Personal reasons,No major issues,3,Sometimes,Yes,3,Sometimes,Yes,3,2,3,Yes,No,1,5,4,Never,No,3,3,2
M,DIU,25,R,LE3,A,1,2,Housewife,Businessman ,Father,1,Referred by someone,Course,Yes,2,With family,40,2,No,,Yes,No,,Yes,Poor teaching or learning environment,No major issues,3,Often,Yes,4,Never,No,2,3,5,Yes,No,,3,3,Never,No,8,2.75,3
M,DIU,22,U,LE3,A,2,4,Housewife ,Businessman,Mother,3,Own choice,Others,Yes,3,With family,120,2,Yes,4,Yes,No,,No,,No major issues,1,Sometimes,Yes,5,Often,Yes,2,5,3,Yes,No,,5,3,Never,Yes,12,2.6,1
M,DIU,22,U,LE3,A,1,0,Housewife,Doctor,Father,2,Own choice,Course,Yes,4,Private accommodation,20,1,No,,No,No,Better career opportunities in the new major,Yes,Personal reasons,Difficulty making friends,4,Rarely,Yes,2,Rarely,Yes,4,5,3,Yes,No,1,5,3,Rarely,No,15,3,3
F,DIU,23,R,GT3,A,2,3,Housewife,Doctor,Father,4,Referred by someone,Course,Yes,5,Private accommodation,10,3,No,,No,No,Personal or family reasons,No,Health issues,No major issues,3,Never,Yes,4,Often,Yes,4,5,5,Yes,Yes,5,5,4,Never,No,4,3.5,4
M,BUFT,22,R,LE3,A,3,4,Teacher,Teacher,Father,5,Own choice,Course,Yes,5,Private accommodation,30,3,No,,No,No,Recommendation from academic advisor,No,Personal reasons,No major issues,5,Never,No,4,Often,No,5,4,4,Yes,No,1,5,5,Never,No,2,3.67,2
M,IUB,23,U,GT3,A,3,3,Housewife,Businessman ,Father,4,Own choice,Reputation,Yes,4,With family,30,2,No,,Yes,No,,No,,No major issues,2,Rarely,Yes,5,Sometimes,No,3,5,4,Yes,Yes,5,5,4,Never,No,7,3.35,3
M,DIU,25,U,GT3,A,4,4,Housewife,Corporate Job,Father,2,Referred by someone,Reputation,Yes,1,With family,120,1,No,,Yes,No,,Yes,Personal reasons,No major issues,3,Sometimes,Yes,3,Often,Yes,1,1,2,Yes,No,,5,3,Rarely,No,15,3.58,3
M,UU,24,U,GT3,A,3,4,Housewife,Businessman,Father,3,Referred by someone,Reputation,Yes,4,With family,120,1,No,0,Yes,No,,No,,No major issues,2,Rarely,Yes,4,Rarely,Yes,3,3,3,Yes,No,,5,4,Never,No,1,3,3
F,Stamford University Bangladesh ,25,U,GT3,A,2,3,Housewife ,Businessman ,Father,4,Own choice,Course,Yes,3,With family,120,1,No,,Yes,No,,No,Difficulty adjusting to university life,Homesickness,3,Always,Yes,5,Sometimes,No,2,3,5,Yes,No,,3,3,Sometimes,No,5,3.79,3
F,DIU,23,U,GT3,A,4,4,Housewife,Govt job,Father,2,Own choice,Near Home,Yes,1,With family,180,1,No,,No,No,Difficulty in previous courses,No,Poor teaching or learning environment,Difficulty understanding academic content,3,Sometimes,Yes,3,Sometimes,No,1,3,3,Yes,No,3,5,3,Sometimes,No,10,3.5,3
M,DIU,26,R,GT3,A,1,3,Housewife, Businessman,Father,3,Own choice,Reputation,Yes,3,With family,120,3,Yes,1,Yes,No,,Yes,Family responsibilities,No major issues,2,Sometimes,Yes,2,Rarely,No,1,3,3,Yes,Yes,3,2,3,Rarely,Yes,0,2.86,3
M,DIU,24,U,GT3,A,3,4,Housewife,Businessman ,Father,1,Referred by someone,Reputation,No,1,With family,120,1,Yes,2,Yes,No,No,Yes,Lack of interest in the program,Difficulty understanding academic content,5,Always,Yes,5,Very Often,Yes,1,1,3,Yes,No,,4,4,Rarely,Yes,2,2.99,1
M,DIU,22,R,LE3,A,4,4,Teacher,Teacher,Father,4,Own choice,Near Home,Yes,4,In university halls,20,2,No,,Yes,No,,No,,No major issues,2,Rarely,No,3,Rarely,Yes,3,4,4,Yes,No,,5,5,Never,No,0,3.85,5
M,DIU,2r,U,LE3,A,2,0,Housewife ,Businessman,Father,3,Own choice,Reputation,Yes,3,Private accommodation,60,2,No,0,No,No,Personal or family reasons,No,Personal reasons,No major issues,1,Rarely,Yes,2,Never,No,2,2,2,Yes,No,5,5,5,Never,No,10,3,2
M,DIU,23,U,GT3,A,3,3,Housewife,Service holder,Father,4,Referred by someone,Reputation,Yes,3,With family,120,2,No,,Yes,No,,No,,Difficulty making friends,1,Often,Yes,2,Never,Yes,1,4,4,Yes,No,,5,4,Sometimes,Yes,8,3.63,5
M,DIU,26,U,GT3,A,4,4,Teacher,Teacher,Mother,1,Own choice,Reputation,Yes,1,With family,120,1,No,0,Yes,No,,No,,No major issues,1,Always,Yes,2,Often,Yes,1,1,2,Yes,No,1,5,5,Never,Yes,10,3.5,1
M,DIU,23,U,GT3,A,4,3,Housewife ,Businessman,Father,4,Own choice,Reputation,Yes,4,With family,180,2,Yes,2,No,No,,No,,No major issues,3,Sometimes,Yes,4,Sometimes,Yes,3,3,4,Yes,No,,4,3,Never,No,0,3.2,4
M,DIU,23,U,LE3,A,3,3,Housewife,Businessman,Father,3,Referred by someone,Reputation,No,2,Private accommodation,120,2,Yes,1,Yes,No,,No,,Homesickness,2,Never,Yes,3,Often,No,2,4,1,Yes,Yes,4,5,4,Rarely,No,7,3.2,1
M,DIU,21,U,GT3,A,4,4,Housewife ,Businessman,Father,4,Referred by someone,Reputation,Yes,4,With family,120,3,No,,Yes,No,,No,,No major issues,3,Sometimes,Yes,4,Sometimes,Yes,2,3,5,Yes,No,,4,4,Rarely,No,0,3.83,5
M,DIU,24,U,GT3,A,3,3,Housewife ,Businessman,Father,4,Referred by someone,Course,Yes,4,With family,240,2,Yes,2,No,No,,No,Personal reasons,No major issues,4,Rarely,Yes,2,Rarely,No,3,4,4,Yes,No,,4,4,Never,No,1,3.14,2
M,DIU,19,U,LE3,A,4,4,Service holder,Service holder,Father,5,Own choice,Reputation,Yes,5,With family,180,2,No,0,No,Yes,,No,,No major issues,5,Never,Yes,5,Never,No,3,5,5,Yes,No,,5,5,Never,No,1,,5
M,JUST,23,R,GT3,A,3,4,Housewife,Service holder,Father,3,Own choice,Reputation,Yes,3,With family,40,2,No,,Yes,No,,No,,Difficulty making friends,3,Often,Yes,2,Rarely,No,3,3,3,Yes,No,,3,3,Sometimes,No,3,3.23,3
M,DIU,22,U,GT3,A,4,4,Housewife ,Service holder ,Father,3,Referred by someone,Near Home,Yes,4,With family,60,3,No,,Yes,No,,No,,No major issues,2,Sometimes,Yes,3,Often,Yes,3,5,5,Yes,No,,5,4,Rarely,No,3,3.3,3
F,DIU,24,U,GT3,A,3,4,Housewife ,Service holder ,Father,3,Own choice,Waiver ,Yes,3,With family,120,2,No,,Yes,No,,No,,Difficulty understanding academic content,2,Often,Yes,3,Sometimes,Yes,2,4,3,Yes,Yes,3,4,4,Never,No,1,3.6,4
M,DIU,22,U,GT3,A,4,4,Teacher,Teacher ,Father,4,Own choice,Course,Yes,4,With family,120,2,No,0,Yes,No,,No,Academic difficulties,No major issues,3,Rarely,Yes,4,Often,Yes,2,3,3,Yes,No,,4,4,Never,No,2,3.47,2
F,DIU,20,U,GT3,A,3,4,Housewife,Retired,Father,1,For transport benefits ,Transport facilities ,Yes,2,With family,120,2,No,,No,No,Better career opportunities in the new major,Yes,Personal reasons,Difficulty making friends,5,Always,Yes,1,Often,Yes,2,2,5,Yes,Yes,1,2,3,Rarely,No,0,,1
M,DIU,23,U,GT3,A,3,4,Housewife,Corporate job ,Father,3,Own choice,Near Home,Yes,5,With family,60,1,No,,Yes,No,,No,,Homesickness,2,Rarely,Yes,3,Rarely,No,3,4,5,Yes,No,,5,2,Rarely,No,3,3.22,4
M,DIU,24,U,GT3,A,3,4,Housewife ,Govt job,Father,3,Own choice,Reputation,Yes,4,Private accommodation,90,2,No,0,Yes,No,Haven't changed ,No,Personal reasons,Difficulty understanding academic content,2,Sometimes,Yes,4,Often,Yes,4,3,4,Yes,No,1,5,4,Rarely,No,0,3.54,2
M,DIU,22,R,LE3,A,4,4,Housewife ,Businessman,Father,3,Own choice,Reputation,Yes,2,With family,180,1,No,,Yes,No,,No,,Difficulty understanding academic content,4,Often,Yes,1,Rarely,No,1,2,4,Yes,No,,5,3,Never,No,20,3.69,3
M,DIU,21,U,GT3,A,3,3,Housewife ,Govt job,Father,3,Referred by someone,Reputation,Yes,3,With family,240,1,Yes,3,No,No,Recommendation from academic advisor,No,No Drop,Difficulty understanding academic content,4,Sometimes,Yes,3,Sometimes,No,3,3,5,Yes,No,1,5,3,Sometimes,No,3,2.63,5
M,DIU,20,U,GT3,A,2,4,Housewife,Businessman,Mother,1,Referred by someone,Reputation,Yes,1,Private accommodation,60,1,No,,Yes,No,,No,,No major issues,1,Sometimes,Yes,3,Sometimes,Yes,5,5,4,Yes,No,1,5,2,Never,Yes,0,3.6,3
M,DIU,22,U,GT3,A,4,4,Housewife,Businessman,Father,3,Own choice,Near Home,Yes,1,With family,40,2,No,0,Yes,No,,No,,No major issues,1,Never,Yes,3,Often,Yes,1,5,5,Yes,Yes,5,5,3,Never,No,0,3,3
M,DIU,24,U,GT3,A,4,4,Housewife ,Being house ,Father,3,Referred by someone,Near Home,Yes,5,With family,180,1,Yes,2,No,No,,No,,Homesickness,3,Sometimes,Yes,3,Often,Yes,3,5,1,Yes,No,1,3,3,Never,No,3,3.22,3
F,DIU,24,U,GT3,A,3,4,Housewife ,Businessman,Father,4,Own choice,Course,Yes,3,In university halls,20,1,No,,Yes,No,,No,,Homesickness,3,Often,Yes,5,Sometimes,Yes,3,3,3,Yes,Yes,5,5,4,Never,No,0,3.88,3
F,DIU,21,U,GT3,A,4,4,Housewife ,Engineer ,Father,5,Referred by someone,Reputation,Yes,5,With family,180,2,No,,No,No,,No,,No major issues,1,Rarely,Yes,5,Never,Yes,3,3,5,Yes,Yes,5,5,3,Never,No,3,3.7,5
F,DIU,21,U,LE3,T,4,4,Housewife,Senior WO officer,Mother,3,Referred by someone,Reputation,Yes,4,With family,80,3,No,2,No,Yes,Personal or family reasons,No,Financial problems,Homesickness,4,Rarely,Yes,1,Often,Yes,3,3,4,Yes,No,1,3,5,Never,No,4,3.6,5
M,DIU,18,U,GT3,A,4,3,Housewife,Businessman,Father,3,Own choice,Course,Yes,4,With family,90,1,No,0,Yes,No,,No,,No major issues,3,Rarely,Yes,3,Often,Yes,3,3,3,Yes,No,,3,3,Rarely,No,1,3.88,4
M,DIU,22,U,GT3,A,3,4,Housewife,Businessman,Father,4,Referred by someone,Reputation,Yes,3,Private accommodation,120,4,No,,No,No,Better career opportunities in the new major,No,Financial problems,No major issues,3,Often,Yes,4,Often,No,1,4,3,Yes,No,,3,3,Rarely,No,7,2.79,1
M,DIU,20,R,GT3,A,3,4,Housewife,Businessman ,Father,3,Referred by someone,Course,Yes,3,With family,60,2,No,,No,No,,No,,No major issues,3,Often,Yes,1,Never,No,1,3,3,Yes,No,,3,4,Never,No,3,0,5
M,DIU,21,U,LE3,A,4,4,Housewife,Teacher,Father,3,Own choice,Reputation,Yes,3,With family,120,3,No,0,Yes,No,,No,,No major issues,2,Sometimes,Yes,4,Rarely,No,2,3,2,Yes,Yes,4,5,3,Never,No,1,3.9,4
F,DIU,22,U,GT3,A,3,4,Housewife,Businessesman,Father,1,Referred by someone,Reputation,Yes,2,Private accommodation,60,2,Yes,1,Yes,No,Better career opportunities in the new major,No,,Difficulty understanding academic content,4,Sometimes,No,3,Never,No,2,3,3,Yes,No,,4,3,Never,Yes,0,2.5,1
M,DIU,20,U,GT3,T,3,4,Housewife ,Service holder ,Father,4,Referred by someone,Reputation,Yes,3,With family,120,2,No,,No,No,Personal or family reasons,No,Family responsibilities,Difficulty understanding academic content,3,Sometimes,No,5,Very Often,No,4,3,2,Yes,No,5,3,2,Often,No,0,4,3
M,DIU,22,R,GT3,A,4,4,Housewife,Businessman,Father,3,Own choice,Near Home,Yes,3,With family,120,1,No,,No,No,,Yes,Job,Difficulty making friends,5,Always,No,1,Never,No,1,1,1,Yes,No,,5,2,Sometimes,Yes,20,2.7,3
F,DIU,22,R,GT3,A,4,4,Housewife,Service holder,Father,3,Referred by someone,Transport ,Yes,4,With family,180,3,No,,Yes,No,,No,,No major issues,1,Sometimes,Yes,3,Sometimes,No,2,3,3,Yes,Yes,3,4,4,Never,No,2,3.6,3
M,DIU,20,U,GT3,A,2,3,Housewife,Businessman,Father,2,Own choice,Course,Yes,4,With family,40,2,No,,No,No,,No,,No major issues,2,Rarely,Yes,4,Rarely,Yes,3,4,1,Yes,No,,5,4,Never,No,2,2.96,3
M,DIU,23,U,GT3,A,3,2,Housewife ,Army,Father,3,Own choice,Reputation,Yes,1,With family,240,4,No,,No,No,Difficulty in previous courses,No,Lack of interest in the program,Difficulty making friends,2,Rarely,No,2,Rarely,No,3,3,4,No,No,,2,3,Rarely,Yes,4,3.4,2
M,DIU,23,U,GT3,A,4,3,Housewife ,Govt job,Father,4,Own choice,Near Home,Yes,5,With family,240,1,No,,Yes,No,,No,,Difficulty making friends,3,Sometimes,Yes,1,Very Often,Yes,1,5,5,Yes,No,,5,5,Never,Yes,1,3.63,5
M,DIU,22,U,GT3,A,3,4,Housewife,Teacher,Father,3,Referred by someone,Near Home,Yes,4,With family,180,3,No,0,Yes,No,,No,,Homesickness,1,Sometimes,Yes,3,Rarely,No,1,3,3,Yes,No,,5,1,Often,No,2,3.91,1
M,DIU,22,U,LE3,T,3,4,Housewife,Govt job,Father,5,Own choice,Reputation,Yes,3,Private accommodation,180,3,Yes,3,Yes,No,Personal or family reasons,Yes,Financial problems,No major issues,4,Sometimes,Yes,3,Never,Yes,3,3,4,Yes,Yes,4,5,4,Never,Yes,0,2.5,3
M,DIU,18,U,LE3,T,4,4,Housewife ,Farmar,Father,3,Own choice,Reputation,Yes,4,Private accommodation,20,3,Yes,2,No,No,Better career opportunities in the new major,No,Personal reasons,No major issues,3,Never,Yes,3,Never,No,4,4,3,Yes,No,1,5,3,Never,No,3,0,3
M,DIU,23,U,GT3,A,4,4,Housewife ,Teacher ,Father,3,Own choice,Reputation,Yes,4,Private accommodation,20,3,No,,Yes,No,,No,,Difficulty understanding academic content,3,Often,Yes,3,Sometimes,Yes,3,3,3,Yes,Yes,5,5,5,Rarely,No,10,3.7,3
F,DIU,22,U,GT3,T,3,4,Housewife ,Engineer ,Father,3,Referred by someone,Waiver,No,3,With family,120,4,No,,Yes,No,,No,,Difficulty understanding academic content,3,Often,Yes,2,Rarely,Yes,1,4,5,Yes,Yes,5,1,2,Never,No,0,3.02,1
M,DIU,22,U,GT3,A,3,3,Teacher ,Farmer,Mother,3,Referred by someone,Near Home,Yes,2,Private accommodation,180,1,No,0,No,No,Personal or family reasons,No,Financial problems,Difficulty making friends,1,Sometimes,No,1,Never,Yes,3,4,1,No,No,2,1,1,Rarely,No,1,3,3
M,DIU,23,U,LE3,A,3,4,Housewife ,Businessman ,Father,3,Own choice,Reputation,Yes,4,In university halls,20,2,No,0,No,Yes,Recommendation from academic advisor,Yes,Academic difficulties,Difficulty understanding academic content,3,Sometimes,No,3,Rarely,Yes,1,2,3,Yes,Yes,3,3,3,Often,Yes,0,3.1,2
M,DIU,24,R,GT3,A,4,4,Teacher ,Teacher ,Father,3,Own choice,Reputation,Yes,3,Private accommodation,180,3,No,,Yes,Yes,Better career opportunities in the new major,No,,No major issues,3,Sometimes,Yes,3,Rarely,No,3,4,3,Yes,No,,5,4,Sometimes,Yes,2,3.75,3
M,DIU,21,U,GT3,A,3,4,Housewife,Businessman,Father,3,Referred by someone,Course,Yes,3,With family,60,1,No,,No,No,,No,,Difficulty understanding academic content,3,Sometimes,Yes,3,Never,No,3,4,3,Yes,Yes,4,5,4,Never,No,3,3.33,3
M,DIU,21,U,GT3,A,4,4,Housewife,Businessman ,Father,3,Own choice,Course,Yes,3,Private accommodation,150,1,No,,Yes,No,,Yes,Financial problems,No major issues,2,Sometimes,Yes,3,Sometimes,Yes,4,2,3,Yes,No,,2,3,Rarely,No,3,3.4,4
M,DIU,,U,GT3,A,3,3,Housewife,Govt job,Father,1,Referred by someone,Near Home,No,3,In university halls,20,4,No,,Yes,No,,No,,No major issues,3,Sometimes,Yes,2,Rarely,No,1,3,3,Yes,No,,4,3,Rarely,No,1,3.3,1
M,DIU,23,U,GT3,A,4,4,Housewife,Service holder ,Father,5,Referred by someone,Reputation,Yes,2,In university halls,10,3,Yes,1,Yes,No,No,No,No,No major issues,1,Never,Yes,4,Sometimes,Yes,1,1,2,Yes,No,5,5,5,Always,No,20,3,3
M,DIU,21,U,GT3,A,3,4,Housewife,Govt Job,Father,1,Own choice,Course,Yes,2,With family,120,2,No,,Yes,No,,No,,Difficulty making friends,2,Often,Yes,3,Never,No,2,3,3,Yes,Yes,5,4,3,Rarely,No,0,3.33,3
M,DIU,23,U,GT3,T,4,4,Housewife,Teacher,Father,1,Referred by someone,Reputation,Yes,1,In university halls,20,2,Yes,,No,No,,Yes,Poor teaching or learning environment,No major issues,3,Sometimes,Yes,5,Never,No,1,3,3,Yes,Yes,1,4,2,Never,No,2,2.4,1
M,DIU,23,U,GT3,A,4,4,Housewife,Working in KSA,Father,4,Referred by someone,Reputation,Yes,1,In university halls,20,2,No,0,Yes,No,,No,Family responsibilities,No major issues,3,Rarely,Yes,5,Very Often,Yes,4,3,1,Yes,No,,4,4,Never,Yes,0,3.31,2
M,DIU,24,U,GT3,A,4,4,Teacher ,Govt job,Father,3,Own choice,Reputation,No,2,Private accommodation,20,2,Yes,3,Yes,No,,No,Personal reasons,Difficulty understanding academic content,3,Sometimes,No,4,Often,Yes,3,3,3,Yes,Yes,3,2,3,Never,Yes,5,2.7,2
M,DIU,23,U,GT3,A,3,4,Housewife,Businessman ,Father,4,Own choice,Reputation,Yes,3,In university halls,10,2,No,0,Yes,No,,No,,Difficulty understanding academic content,2,Sometimes,Yes,3,Sometimes,Yes,3,3,3,Yes,No,,5,5,Never,Yes,6,3.15,3
M,DIU,23,R,GT3,A,4,4,Teacher  ,Teacher,Mother,3,Referred by someone,Reputation,Yes,3,Private accommodation,10,3,No,,Yes,No,Personal or family reasons,No,Family responsibilities,Difficulty understanding academic content,3,Sometimes,Yes,3,Often,Yes,1,3,3,Yes,Yes,4,5,3,Often,No,3,3.5,3
M,DIU,23,U,GT3,A,4,4,Teacher,Teacher,Both,3,Own choice,Near Home,Yes,2,With family,60,2,No,,Yes,No,,No,,No major issues,2,Often,Yes,2,Never,No,4,4,4,Yes,Yes,5,5,4,Never,Yes,5,3.77,5
M,DIU,23,U,GT3,A,2,1,Housewife ,Teacher ,Mother,3,Own choice,Near Home,Yes,2,In university halls,30,4,Yes,1,Yes,No,Difficulty in previous courses,Yes,Lack of interest in the program,Difficulty making friends,2,Sometimes,Yes,3,Sometimes,Yes,2,2,3,Yes,Yes,3,3,3,Sometimes,Yes,5,3.22,3
M,DIU,24,U,GT3,A,4,4,Housewife,Private job,Father,4,Own choice,Waiver,Yes,4,With family,120,2,No,0,Yes,No,Better career opportunities in the new major,No,Lack of interest in the program,Homesickness,3,Sometimes,No,3,Sometimes,No,5,3,4,No,No,3,3,4,Often,No,1,3.2,4
F,,23,U,LE3,A,4,4,,,,5,Own choice,Reputation,Yes,5,With family,60,4,No,0,Yes,No,,Yes,,No major issues,1,Never,Yes,5,Very Often,Yes,5,5,5,Yes,Yes,5,5,5,Never,Yes,4,4,5
F,DIU,23,U,GT3,A,4,4,Housewife,Businessman ,Father,3,Own choice,Near Home,Yes,3,With family,120,1,No,,No,No,,No,,No major issues,3,Sometimes,Yes,3,Never,No,4,4,3,Yes,No,,5,3,Never,No,4,3,2
F,UU,,U,LE3,T,3,3,,,,5,â€Ž ,â€Ž ,No,4,In university halls,20,2,No,0,Yes,No,,Yes,,Difficulty making friends,4,Sometimes,No,5,Sometimes,Yes,2,1,2,No,No,1,2,3,Often,Yes,5,,1
M,DIU,23,U,GT3,A,4,4,Teacher,Teacher,Both,2,Own choice,Near Home,Yes,2,With family,120,2,No,,Yes,No,,No,,No major issues,2,Often,Yes,2,Never,No,2,4,3,Yes,Yes,5,5,4,Never,Yes,5,3.77,5
F,DIU,21,U,GT3,A,3,3,Housewife,Businessman,Father,4,Own choice,Reputation,Yes,4,With family,90,2,No,,Yes,No,,No,,Difficulty making friends,3,Sometimes,No,1,Often,Yes,1,4,4,Yes,No,,4,5,Never,No,3,3.25,3
M,DIU,24,R,GT3,A,4,1,Housewife,Businessman,Father,3,Referred by someone,Course,No,4,Private accommodation,120,3,No,0,Yes,No,,No,,No major issues,3,Often,Yes,5,Rarely,Yes,4,5,4,Yes,Yes,5,5,4,Never,Yes,5,2.7,3
M,DIU,25,U,GT3,A,4,4,Housewife,Banker,Father,1,Own choice,Reputation,Yes,1,Private accommodation,120,4,No,1,Yes,No,Better career opportunities in the new major,No,Personal reasons,Homesickness,1,Never,Yes,1,Never,Yes,1,1,1,Yes,No,1,1,1,Never,No,5,3.89,5
M,DIU,21,U,LE3,A,3,3,Housewife ,Businessman ,Father,1,Own choice,Course,Yes,3,With family,20,1,No,,No,No,,No,,Homesickness,4,Rarely,Yes,3,Never,No,1,2,2,Yes,No,,4,3,Never,No,1,3.05,1
M,DIU,25,U,GT3,A,3,4,Housewife,Govt job,Mother,2,Own choice,Reputation,Yes,3,With family,180,2,No,0,Yes,No,Difficulty in previous courses,No,Academic difficulties,Homesickness,3,Rarely,Yes,1,Sometimes,Yes,2,4,2,Yes,Yes,5,5,5,Never,No,2,2.5,2
F,DIU,22,R,GT3,A,4,4,Housewife,Businessman ,Father,3,Referred by someone,Near Home,Yes,3,With family,180,3,No,0,Yes,No,,No,,Difficulty making friends,4,Often,No,1,Never,No,3,3,4,Yes,No,,5,3,Rarely,No,5,3.53,3
M,DIU,23,U,LE3,A,4,4,Teacher,Garments Manager,Father,4,Own choice,Course,Yes,4,With family,90,3,Yes,5,No,No,Better career opportunities in the new major,Yes,Family responsibilities,Difficulty making friends,1,Sometimes,No,1,Never,No,3,2,5,Yes,Yes,3,4,3,Sometimes,No,2,2.56,2
F,DIU,24,U,LE3,A,3,3,Housewife,Govt job,Father,4,Referred by someone,Reputation,Yes,2,In university halls,120,2,No,,Yes,No,,No,Academic difficulties,No major issues,3,Sometimes,No,3,Often,Yes,3,3,3,Yes,No,,3,3,Rarely,No,0,3.44,1
M,DIU,23,U,LE3,T,4,4,Marketer,Businessman ,Mother,2,Referred by someone,Near Home,No,2,With family,20,3,No,,Yes,No,,Yes,Difficulty adjusting to university life,Homesickness,4,Sometimes,No,2,Never,No,1,3,3,Yes,No,,1,2,Sometimes,Yes,0,3.29,2
F,DIU,21,R,LE3,A,4,4,Housewife ,Banker,Father,2,Referred by someone,Course,Yes,4,In university halls,20,3,No,,Yes,No,,No,,Difficulty making friends,5,Sometimes,No,1,Rarely,No,2,3,5,Yes,No,,5,1,Never,No,0,3.67,4
F,DIU,21,R,GT3,A,4,4,Housewife ,Service holder,Father,2,Own choice,Course,Yes,4,In university halls,20,3,No,,Yes,No,,No,,Homesickness,3,Often,No,3,Rarely,No,2,3,3,Yes,No,,4,4,Never,No,0,3.79,3
M,DIU,21,U,GT3,A,4,4,Housewife ,Businessman,Father,1,Own choice,Near Home,Yes,3,With family,180,1,No,,Yes,No,,No,Family responsibilities,No major issues,5,Always,Yes,1,Never,No,1,3,5,Yes,No,,2,2,Never,Yes,20,3.82,2
F,DIU,21,U,GT3,A,4,4,Teacher ,Teacher ,Father,4,Own choice,Course,Yes,4,With family,150,3,No,,Yes,No,,No,,Difficulty understanding academic content,2,Sometimes,Yes,2,Rarely,Yes,3,3,5,Yes,No,,5,4,Never,Yes,0,3.6,2
F,DIU,23,R,GT3,A,0,1,Housewife,Driver ,Father,2,Referred by someone,Reputation,Yes,1,With family,180,1,Yes,3,No,No,,No,,No major issues,3,Sometimes,Yes,5,Sometimes,No,1,2,3,No,No,1,5,1,Never,Yes,2,3.18,1
F,DIU,22,U,GT3,A,3,0,Housewife ,Dead,Mother,1,Referred by someone,Course,Yes,3,In university halls,20,2,No,,Yes,No,,Yes,Financial problems,Homesickness,3,Sometimes,Yes,2,Sometimes,No,2,5,4,Yes,No,,4,4,Never,No,4,3.75,3
M,DIU,25,U,GT3,T,4,4,Housewife,Dead,Mother,4,Own choice,Near Home,Yes,4,With family,120,3,Yes,4,Yes,No,Difficulty in previous courses,No,Financial problems,Homesickness,3,Never,Yes,4,Sometimes,No,1,1,1,Yes,No,5,5,1,Always,No,4,,3
M,DIU,24,U,GT3,A,3,4,Housewife,Teacher ,Father,4,Own choice,Playing field ,Yes,3,Private accommodation,20,1,No,,Yes,No,,No,,No major issues,1,Sometimes,Yes,3,Sometimes,Yes,3,3,3,Yes,No,,5,4,Never,No,0,4.46,4
M,DIU,24,R,LE3,A,3,3,Housewife,Businessman,Brother,3,Referred by someone,Course,Yes,3,In university halls,30,1,No,,No,No,,No,Financial problems,Difficulty understanding academic content,4,Often,Yes,4,Sometimes,No,3,3,2,Yes,Yes,3,3,2,Sometimes,No,2,3,1
M,MIST,22,U,GT3,A,4,4,Housewife ,Businessman,myself ,5,Own choice,Reputation,Yes,5,With family,150,3,No,0,Yes,No, I haven't changed ,No,no,No major issues,1,Never,Yes,4,Rarely,Yes,2,3,4,Yes,Yes,4,5,4,Never,Yes,1,3.9,5
M,DIU,25,U,GT3,A,4,4,Housewife,Service holder,Father,3,Referred by someone,Near Home,No,4,With family,150,2,No,0,Yes,No,,No,Family responsibilities,Difficulty making friends,3,Rarely,Yes,1,Never,No,1,1,3,Yes,No,,3,1,Sometimes,No,0,3.93,3
F,DIU,20,R,GT3,A,4,4,Housewife ,Survice  holder,Father,1,Own choice,Course,Yes,3,With family,120,2,No,,Yes,No,,No,,Difficulty making friends,4,Sometimes,No,1,Rarely,Yes,2,2,2,Yes,No,,5,3,Rarely,No,0,3.56,1
F,DIU,21,U,LE3,A,3,4,Housewife ,Engineer ,Father,4,Own choice,Course,Yes,3,Private accommodation,60,3,No,,No,No,Better career opportunities in the new major,No,,Homesickness,3,Often,Yes,3,Sometimes,No,1,4,3,Yes,Yes,3,3,2,Never,No,3,3.5,3
M,DIU,21,U,GT3,A,3,4,Housewife,Service holder,Father,3,Own choice,Course,Yes,4,With family,90,1,No,0,No,No,,No,,No major issues,2,Never,Yes,2,Rarely,Yes,1,4,4,Yes,No,,4,4,Never,No,1,N/A,1
M,DIU,20,R,GT3,A,3,3,Housewife,Businessman,Father,4,Own choice,Course,Yes,4,With family,240,2,No,,Yes,No,,No,,Difficulty making friends,3,Sometimes,Yes,2,Sometimes,Yes,3,4,3,Yes,No,,5,3,Never,No,2,N/A,3
M,DIU,19,U,LE3,A,4,3,Service holder,Service holder,Father,2,Referred by someone,Course,Yes,3,With family,100,3,No,,Yes,No,,No,,No major issues,2,Often,Yes,2,Sometimes,Yes,3,3,3,Yes,No,1,3,2,Never,No,3,0,4
M,DIU,22,R,GT3,A,2,3,Housewife,Businessman ,Father,4,Own choice,Course,Yes,2,In university halls,20,3,No,,Yes,No,,No,,No major issues,2,Rarely,Yes,3,Never,No,5,4,2,Yes,No,,5,5,Never,Yes,7,3.5,4
M,DIU,22,U,GT3,A,2,2,Housewife,Service holder,Father,5,Own choice,Course,Yes,4,Private accommodation,10,3,Yes,1,No,No,,No,,No major issues,3,Often,Yes,3,Rarely,Yes,3,4,4,Yes,Yes,4,4,4,Often,No,1,2.5,1
M,DIU,21,U,GT3,A,2,4,Housewife ,Businessman,Father,3,Own choice,Near Home,No,1,With family,180,1,No,,No,No,,No,,No major issues,3,Never,No,1,Never,No,1,1,1,Yes,No,5,3,5,Always,Yes,1,4,5
M,DIU,22,U,GT3,A,3,4,Housewife,Govt job,Father,3,Referred by someone,Course,No,1,With family,30,2,No,0,Yes,No,,Yes,Lack of interest in the program,Difficulty understanding academic content,4,Often,No,2,Sometimes,Yes,2,2,3,Yes,Yes,5,5,1,Sometimes,No,2,3.3,2
M,DIU,20,U,GT3,A,4,4,Housewife ,Businessman,Father,1,Own choice,Reputation,Yes,1,With family,180,4,No,0,Yes,No,,No,Getting no female in EEE,Difficulty understanding academic content,5,Always,No,1,Never,No,1,1,1,No,No,,1,5,Always,Yes,20,0,1
M,DIU,20,R,LE3,A,4,4,Service holder,,Mother,3,Own choice,Reputation,Yes,4,With family,180,2,No,0,Yes,No,No,No,Family responsibilities,No major issues,3,Never,Yes,3,Sometimes,Yes,4,3,3,Yes,No,4,5,5,Never,No,0,3.5,4
M,DIU,20,R,GT3,A,2,4,Housewife,Service holder,Father,3,Own choice,Course,Yes,4,With family,120,2,No,0,Yes,No,Better career opportunities in the new major,No,Family responsibilities,No major issues,2,Rarely,Yes,4,Sometimes,Yes,3,4,3,Yes,No,3,4,4,Never,Yes,0,3.5,4
M,DIU,21,U,LE3,A,4,4,Housewife ,Businessman,Father,3,Own choice,Course,Yes,2,With family,130,2,No,,Yes,No,,No,,No major issues,2,Rarely,Yes,2,Never,No,1,4,2,Yes,No,,5,3,Never,No,20,3.69,3
M,DIU,23,U,GT3,A,4,4,Housewife,Service holder,Father,2,Referred by someone,For waiver ,Yes,3,Private accommodation,120,1,No,,No,No,,Yes,Poor teaching or learning environment,Difficulty understanding academic content,3,Always,Yes,3,Often,Yes,1,4,1,Yes,Yes,3,5,3,Never,No,15,2.99,1
M,DIU,21,U,LE3,T,4,4,Housewife,Police ,Father,3,Referred by someone,Course,Yes,5,Private accommodation,30,4,No,0,Yes,No,Recommendation from academic advisor,No,Lack of interest in the program,No major issues,2,Sometimes,Yes,1,Sometimes,Yes,1,4,4,Yes,Yes,5,5,4,Sometimes,No,1,3.5,1
F,DIU,22,U,GT3,A,4,4,Business woman ,Businessman,Father,5,Own choice,Course,Yes,3,With family,30,2,No,,Yes,No,,No,,Difficulty understanding academic content,3,Sometimes,Yes,3,Sometimes,No,2,3,3,Yes,No,,5,3,Sometimes,No,10,3.43,5
M,DIU,19,U,GT3,T,4,4,Housewife,Teacher,Father,2,Own choice,Course,Yes,3,Private accommodation,120,2,No,,Yes,No,,No,,Homesickness,3,Sometimes,Yes,3,Sometimes,Yes,3,3,3,Yes,No,,5,5,Often,No,2,3.5,3
M,DIU,23,U,GT3,A,3,3,Housewife ,Businessman ,Father,3,Own choice,Near Home,Yes,3,With family,60,2,No,,Yes,No,,No,,Difficulty making friends,3,Sometimes,Yes,4,Rarely,No,3,3,2,Yes,No,,5,3,Rarely,No,5,3,2
M,DIU,24,R,GT3,A,4,3,Teacher,Businessman,Father,4,Own choice,Reputation,No,3,Private accommodation,100,2,No,,Yes,No,,No,,No major issues,4,Rarely,Yes,5,Rarely,Yes,4,5,4,Yes,No,,3,3,Never,Yes,2,3.67,4
M,DIU,22,U,GT3,T,4,4,Housewife ,Teacher,Father,3,Own choice,Reputation,Yes,3,Private accommodation,20,2,Yes,4,Yes,No,,No,,No major issues,2,Sometimes,Yes,3,Never,Yes,3,3,3,Yes,Yes,4,4,3,Never,No,2,7,3
M,DIU,24,U,GT3,A,3,4,Housewife,Businessman ,Father,5,Own choice,Reputation,Yes,3,With family,120,1,No,0,No,No,Personal or family reasons,No,Peer pressure or social isolation,Difficulty understanding academic content,3,Rarely,No,3,Never,No,3,1,2,No,No,1,4,5,Always,No,3,3.88,5
F,BUFT,21,U,GT3,A,3,3,Housewife ,Businessman,Father,4,Referred by someone,Near Home,No,3,With family,40,2,Yes,1,Yes,Yes,Better career opportunities in the new major,No,Lack of interest in the program,Homesickness,4,Rarely,No,4,Sometimes,Yes,4,2,4,Yes,Yes,4,4,2,Sometimes,Yes,10,3.2,3
M,DIU,25,U,GT3,A,1,2,Housewife ,Businessman,Father,4,Own choice,Near Home,Yes,4,With family,200,1,No,0,No,No,,No,,No major issues,4,Often,Yes,5,Often,Yes,3,4,3,Yes,Yes,4,4,3,Often,Yes,0,3.28,2
M,DIU,24,U,GT3,A,3,3,Housewife ,Businessman ,Father,3,Referred by someone,Course,No,3,With family,20,2,No,,Yes,No,,Yes,Love Affair,Homesickness,2,Sometimes,Yes,2,Rarely,No,2,2,2,Yes,Yes,3,3,3,Never,Yes,0,3.69,3
M,DIU,24,U,GT3,A,1,2,Housewife,Service holder,Mother,4,Own choice,Near Home,Yes,5,With family,150,4,No,,Yes,No,,No,,No major issues,2,Sometimes,Yes,4,Often,Yes,3,4,4,Yes,No,,5,4,Never,No,9,3.87,4
F,DIU,23,U,GT3,A,3,4,Housewife ,Businessman ,Father,5,Own choice,Reputation,Yes,5,In university halls,10,3,No,0,Yes,Yes,Better career opportunities in the new major,No,Not applicable (I have never considered dropping out).,Homesickness,3,Sometimes,Yes,4,Sometimes,Yes,5,4,5,Yes,Yes,4,5,4,Sometimes,No,0,3.45,3
M,DIU,23,U,GT3,A,4,4,Housewife ,Businessman,Father,4,Own choice,Course,Yes,4,With family,20,3,No,,Yes,No,,No,,No major issues,2,Sometimes,Yes,3,Sometimes,No,4,3,4,Yes,Yes,4,3,3,Never,No,0,4,4
M,DIU,22,U,GT3,A,3,3,Housewife ,Govt job,Father,3,Referred by someone,Near Home,Yes,3,With family,120,2,No,,Yes,No,,No,,Difficulty making friends,4,Sometimes,Yes,3,Often,Yes,3,3,2,Yes,No,,4,4,Rarely,No,8,3.3,2
M,DIU,24,U,GT3,A,2,2,Housewife,Corporate job,Father,4,Referred by someone,Course,Yes,3,With family,180,1,No,0,Yes,No,,Yes,Lack of interest in the program,No major issues,1,Rarely,Yes,3,Rarely,Yes,3,4,3,Yes,Yes,4,4,3,Rarely,Yes,6,3.6,4
M,DIU,23,R,GT3,A,3,1,Housewife,Businessman,Father,4,Own choice,Reputation,Yes,4,With family,200,1,No,0,Yes,No,,No,,Difficulty making friends,3,Often,Yes,4,Sometimes,Yes,3,4,3,Yes,No,,4,4,Rarely,No,4,3.5,3
F,DIU,22,U,GT3,A,4,4,Housewife ,Retired ,Father,3,Referred by someone,Near Home,Yes,4,With family,240,2,No,,Yes,No,,No,,Difficulty understanding academic content,3,Often,Yes,5,Rarely,No,3,4,5,Yes,No,,5,3,Rarely,No,20,2.63,2
F,DIU,23,R,LE3,A,4,4,Housewife ,Businessman,Father,3,Own choice,Near Home,Yes,3,Private accommodation,40,3,Yes,3,No,Yes,Better career opportunities in the new major,No,Personal reasons,No major issues,3,Sometimes,Yes,3,Sometimes,Yes,2,3,4,No,Yes,1,2,3,Sometimes,Yes,,3.25,4
F,DIU,22,U,GT3,A,3,4,Housewife ,Govt job,Father,4,Referred by someone,Reputation,No,4,With family,40,2,No,,Yes,No,,No,,No major issues,3,Often,Yes,3,Very Often,Yes,3,4,4,Yes,No,,5,4,Rarely,No,2,3.77,4
M,DIU,24,U,GT3,A,4,4,Housewife ,Service holder,Father,5,Own choice,Reputation,Yes,5,In university halls,90,4,Yes,3,Yes,Yes,Difficulty in previous courses,Yes,Health issues,Difficulty understanding academic content,5,Always,Yes,5,Very Often,Yes,5,5,5,Yes,Yes,5,5,5,Always,Yes,10,3.5,5
F,DIU,22,U,GT3,T,4,4,Business woman ,Businessman,Father,3,Referred by someone,Reputation,Yes,5,In university halls,20,3,No,1,Yes,Yes,Lack of interest in the original major,No,Personal reasons,No major issues,2,Rarely,Yes,3,Sometimes,Yes,3,5,5,Yes,No,1,5,3,Never,No,0,3.65,4
F,DIU,21,U,LE3,A,2,4,Business woman ,Dead,Mother,4,Own choice,Near Home,Yes,4,With family,150,1,No,0,Yes,No,,No,,No major issues,4,Often,Yes,4,Often,Yes,3,3,5,Yes,Yes,3,5,4,Rarely,No,3,3.4,2
M,DIU,22,U,GT3,A,3,4,Housewife,Migrate worker,Father,2,Referred by someone,Reputation,Yes,5,In university halls,20,4,Yes,2,Yes,No,Lack of interest in the original major,No,Difficulty adjusting to university life,Difficulty making friends,3,Rarely,Yes,3,Sometimes,Yes,4,4,4,Yes,Yes,4,4,3,Sometimes,Yes,1,3.2,1
M,DIU,24,R,GT3,A,4,4,Govt job,Govt job,Father,3,Referred by someone,Near Home,Yes,4,Private accommodation,20,1,No,0,Yes,Yes,Personal or family reasons,Yes,Personal reasons,Homesickness,3,Rarely,No,3,Sometimes,No,3,3,3,No,Yes,5,5,4,Always,No,5,3.11,3
F,DIU,23,R,LE3,T,4,4,Housewife,Businessman,Father,4,Own choice,Reputation,Yes,4,With family,120,2,No,,No,No,Personal or family reasons,No,Family responsibilities,Difficulty making friends,3,Sometimes,No,3,Rarely,Yes,2,4,2,Yes,No,5,2,2,Sometimes,Yes,0,3,2
M,DIU,24,R,GT3,A,3,4,Service holder,Service holder,Father,4,Own choice,Course,Yes,3,Private accommodation,120,3,Yes,,Yes,No,Recommendation from academic advisor,Yes,Difficulty adjusting to university life,No major issues,4,Sometimes,Yes,3,Sometimes,Yes,3,4,3,No,No,4,5,4,Never,Yes,9,3,3
M,DIU,23,U,LE3,A,4,4,Housewife ,Service holder,Father,4,Own choice,Near Home,No,1,With family,240,4,Yes,10,Yes,Yes,Lack of interest in the original major,Yes,Difficulty adjusting to university life,Difficulty making friends,1,Never,No,1,Never,Yes,2,3,3,Yes,Yes,1,1,1,Sometimes,No,10,10,2
M,DIU,21,U,GT3,A,4,2,Housewife,Engineer ,Father,4,Referred by someone,Near Home,Yes,4,With family,20,3,No,0,Yes,Yes,Better career opportunities in the new major,No,Health issues,Difficulty making friends,3,Sometimes,Yes,3,Never,No,3,2,3,Yes,Yes,3,5,1,Rarely,Yes,10,3.6,5
M,UU,23,U,GT3,A,2,3,Housewife,Private job,Father,4,Own choice,Near Home,Yes,3,With family,120,1,No,0,No,No,,Yes,Health issues,Difficulty understanding academic content,2,Rarely,Yes,3,Rarely,Yes,2,3,4,Yes,No,,3,1,Never,No,4,3.4,2
M,DIU,23,U,GT3,A,4,1,Housewife ,Retired,Brother,3,Own choice,Reputation,Yes,3,With family,80,3,No,,Yes,No,,No,,Homesickness,2,Often,Yes,4,Often,Yes,3,4,4,Yes,No,,4,2,Rarely,No,2,3.72,5
M,DIU,24,U,GT3,A,3,3,Housewife,Businessman,Father,4,Referred by someone,Course,Yes,3,With family,120,3,No,0,Yes,No,No,No,Personal reasons,No major issues,2,Sometimes,No,4,Rarely,No,2,3,2,Yes,Yes,1,4,3,Never,No,4,3.25,3
M,DIU,24,U,GT3,A,4,4,Housewife ,Service holder,Father,3,Referred by someone,Near Home,No,3,With family,50,2,Yes,1,No,No,Better career opportunities in the new major,No,,Homesickness,3,Never,Yes,3,Sometimes,Yes,3,3,3,Yes,No,1,3,3,Never,No,0,3,2
M,DIU,24,U,GT3,A,3,4,Housewife,Accounts Officer ,Father,5,Referred by someone,Course,No,2,With family,120,2,Yes,4,Yes,No,No Change ,No,None ,Difficulty making friends,3,Always,Yes,2,Sometimes,Yes,3,3,3,Yes,No,1,5,3,Never,Yes,12,2.9,1
M,DIU,22,U,LE3,A,2,3,Housewife,Govt job,Father,4,Referred by someone,Reputation,Yes,4,Private accommodation,20,1,Yes,1,Yes,No,,Yes,Financial problems,Homesickness,2,Rarely,Yes,5,Sometimes,Yes,5,3,4,Yes,No,,4,4,Never,No,5,3,3
M,DIU,24,U,LE3,A,4,4,Housewife ,Teacher ,Father,4,Own choice,Reputation,Yes,4,Private accommodation,20,4,No,5,No,No,Better career opportunities in the new major,No,Difficulty adjusting to university life,Difficulty making friends,4,Sometimes,Yes,4,Sometimes,Yes,3,4,3,Yes,Yes,4,3,4,Sometimes,Yes,3,3.13,3
F,DIU,22,R,GT3,A,4,4,Teacher ,Teacher,Father,1,Referred by someone,Course,Yes,2,In university halls,20,2,No,0,Yes,No,Better career opportunities in the new major,No,Lack of interest in the program,Difficulty understanding academic content,5,Sometimes,Yes,5,Sometimes,No,2,1,1,Yes,No,1,5,2,Never,No,2,3.75,1
F,DIU,23,R,GT3,A,4,4,Housewife ,Health Inspector ,Father,1,Referred by someone,Course,Yes,2,In university halls,10,2,No,0,Yes,No,Better career opportunities in the new major,No,Lack of interest in the program,Difficulty understanding academic content,5,Sometimes,Yes,5,Sometimes,No,1,1,1,Yes,No,1,5,2,Never,No,2,3,1
M,DIU,23,U,GT3,A,3,4,Housewife,Businessman,Father,2,Referred by someone,Course,Yes,1,With family,20,4,Yes,1,No,No,,No,,No major issues,2,Rarely,Yes,2,Rarely,Yes,2,2,1,Yes,No,,3,1,Rarely,Yes,4,3+,2
M,DIU,25,U,LE3,A,4,4,Housewife,Businessman ,Father,4,Own choice,Reputation,Yes,4,With family,120,4,No,,Yes,No,,Yes,Personal reasons,No major issues,1,Sometimes,Yes,5,Sometimes,Yes,3,5,4,Yes,Yes,4,5,5,Never,Yes,15,3.46,3
M,DIU,24,U,GT3,A,4,4,Housewife ,Teacher,Father,3,Own choice,Campus ,Yes,1,Private accommodation,120,2,No,0,Yes,No,,No,,No major issues,2,Sometimes,Yes,5,Rarely,Yes,4,2,1,Yes,Yes,1,5,5,Never,No,3,3.5,3
M,DIU,21,U,GT3,A,4,4,Housewife ,Retired ,Father,4,Referred by someone,Course,Yes,5,With family,180,4,No,,Yes,No,,No,,No major issues,1,Sometimes,Yes,1,Never,Yes,3,2,4,Yes,No,1,5,4,Never,No,4,3.34,2
M,DIU,24,R,GT3,A,4,4,Housewife ,Doctor,Father,2,Own choice,Reputation,Yes,3,Private accommodation,240,2,No,,No,No,,Yes,Financial problems,Homesickness,3,Sometimes,Yes,3,Never,No,3,3,4,Yes,No,,5,4,Never,No,4,3.11,1
M,DIU,23,U,GT3,A,4,4,Housewife,SDECO in BPDB,Father,3,Own choice,Course,Yes,3,In university halls,20,3,No,1,Yes,No,,No,,No major issues,3,Sometimes,Yes,5,Sometimes,Yes,3,5,3,Yes,No,3,5,3,Never,No,0,3.5,3
M,DIU,21,U,GT3,A,1,4,Housewife,Businessman,Father,4,Referred by someone,Reputation,Yes,3,In university halls,20,3,No,,Yes,No,,No,,Difficulty understanding academic content,3,Sometimes,Yes,5,Sometimes,No,4,3,3,Yes,No,,5,3,Never,No,4,3.5,3
M,DIU,23,U,LE3,A,4,4,Housewife,Businessman ,Father,5,Own choice,Near Home,Yes,1,In university halls,10,4,No,0,Yes,Yes,Lack of interest in the original major,No,Personal reasons,No major issues,4,Rarely,Yes,2,Often,Yes,1,3,3,Yes,No,3,3,3,Never,Yes,2,3.7,3
M,DIU,21,U,GT3,A,4,4,Teacher,Businessman,Father,4,Own choice,Reputation,Yes,5,Private accommodation,240,4,No,,Yes,No,,No,,No major issues,2,Rarely,Yes,5,Often,Yes,3,4,5,Yes,No,,5,5,Often,No,2,3.75,4
F,Nu,24,U,GT3,A,3,4,Teacher,Dead,Myself,4,Own choice,Course,Yes,3,With family,240,2,No,0,No,No,Better career opportunities in the new major,No,Poor teaching or learning environment,Difficulty understanding academic content,4,Sometimes,No,4,Never,Yes,4,2,1,Yes,Yes,4,4,3,Never,Yes,25,2.9,3
M,DIU,23,R,LE3,A,3,3,Housewife ,Businessman,Father,3,Own choice,Reputation,Yes,4,In university halls,20,2,No,,Yes,No,,No,,No major issues,2,Sometimes,Yes,4,Rarely,Yes,4,4,5,Yes,No,,5,3,Never,No,7,3,2
M,DIU,23,U,GT3,T,0,1,Housewife ,Service holder,Father,2,Own choice,Near Home,Yes,2,With family,240,2,Yes,2,Yes,Yes,Better career opportunities in the new major,Yes,Academic difficulties,Difficulty making friends,4,Sometimes,Yes,3,Often,Yes,4,3,3,Yes,No,1,5,3,Never,Yes,4,3.1,3
M,DIU,22,U,GT3,A,3,3,Housewife,Govt job,Father,3,Own choice,Course,Yes,3,With family,240,3,No,0,Yes,No,Recommendation from academic advisor,Yes,Personal reasons,No major issues,2,Often,Yes,3,Sometimes,Yes,2,5,3,Yes,No,3,5,4,Rarely,Yes,2,3.3,2
M,DIU,23,R,GT3,A,3,2,Housewife ,Businessman,Father,2,Own choice,Reputation,Yes,2,In university halls,20,2,No,,Yes,No,Better career opportunities in the new major,Yes,Financial problems,Difficulty understanding academic content,4,Sometimes,No,2,Sometimes,No,4,3,3,Yes,Yes,3,2,2,Sometimes,Yes,9,3.35,4
F,DIU,23,R,GT3,A,4,4,Teacher,Teacher ,Father,5,Referred by someone,Near Home,No,1,With family,120,2,No,0,Yes,No,,No,,Difficulty understanding academic content,3,Always,Yes,3,Never,No,3,5,3,Yes,No,,3,4,Never,Yes,3,3.65,4
M,NSU,25,U,GT3,A,4,4,Housewife,Govt job,Father,4,Own choice,Reputation,Yes,4,With family,180,3,No,0,Yes,Yes,Lack of interest in the original major,Yes,Poor teaching or learning environment,Difficulty making friends,2,Sometimes,No,3,Never,No,3,3,4,Yes,Yes,4,4,3,Never,No,3,3.07,3
M,DIU,24,U,GT3,A,4,4,Housewife,Businessman,Father,4,Own choice,Course,Yes,4,With family,180,2,No,,Yes,No,Personal or family reasons,Yes,Planning to switch to another institution,No major issues,4,Never,Yes,3,Never,No,3,4,5,Yes,No,2,5,4,Never,No,0,3.9,4
M,AIUB,22,U,GT3,A,4,4,Housewife ,Doctor,Father,5,Own choice,Course,Yes,4,Private accommodation,200,1,No,,Yes,No,,Yes,Health issues,No major issues,2,Sometimes,Yes,3,Sometimes,Yes,3,4,4,Yes,Yes,5,5,4,Never,Yes,6,3.5,2
M,EWU,25,R,GT3,A,4,3,Housewife ,Service holder,Me,3,Own choice,Reputation,Yes,5,With family,80,1,No,,Yes,No,,No,,No major issues,3,Sometimes,Yes,1,Rarely,No,5,1,5,No,No,1,4,1,Often,No,9,2.69,5
M,BUFT,24,U,GT3,A,4,4,Housewife ,Teacher ,Father,3,Own choice,Course,Yes,3,With family,240,1,No,,Yes,No,,No,,No major issues,2,Never,Yes,4,Rarely,No,4,3,2,Yes,No,,5,4,Never,No,18,3.83,5
M,UU,25,U,GT3,A,2,4,Housewife ,Businessman ,Father,1,Referred by someone,Near Home,No,1,With family,120,1,No,,No,Yes,,No,,Difficulty making friends,5,Often,No,1,Never,No,1,1,1,No,No,,3,3,Sometimes,Yes,5,2.95,1
F,DIU,22,U,GT3,T,3,4,Business woman ,Businessman,Mother,3,Own choice,Reputation,Yes,3,Private accommodation,150,4,No,0,No,No,No,No,No,Difficulty understanding academic content,4,Sometimes,Yes,3,Sometimes,Yes,3,3,3,No,Yes,5,5,3,Never,No,1,3.75,5
M,Primeasia ,27,U,GT3,A,3,4,Housewife ,Farmer,Father,1,Referred by someone,Course,Yes,1,Private accommodation,30,4,No,,Yes,No,,No,,No major issues,2,Never,Yes,4,Never,Yes,1,4,2,Yes,No,2,5,1,Never,Yes,0,3.41,5
F,DIU,22,U,GT3,A,3,3,Housewife,Govt job,Father,3,Own choice,Course,Yes,3,Private accommodation,120,3,No,0,Yes,No,,No,,No major issues,3,Sometimes,Yes,3,Sometimes,Yes,2,3,3,Yes,No,,5,4,Rarely,No,0,3.1,1
M,DIU,23,U,GT3,A,4,4,Housewife,Govt job,Father & Brother,1,Referred by someone,Course,Yes,1,Private accommodation,60,2,No,0,Yes,No,,No,,No major issues,3,Always,Yes,1,Never,No,5,2,1,Yes,No,,5,3,Rarely,Yes,2,3.17,3
M,DIU,26,R,LE3,A,3,4,Housewife,Teacher ,Father,2,Own choice,wavier ,Yes,3,Private accommodation,10,1,No,,Yes,No,,No,,Difficulty making friends,2,Sometimes,No,2,Rarely,No,2,2,2,Yes,Yes,,4,4,Sometimes,No,4,3.8,4
F,DIU,23,R,GT3,A,4,4,Teachar ,Businessman,Father,4,Referred by someone,Reputation,Yes,4,Private accommodation,40,2,No,0,Yes,No,,No,Lack of interest in the program,Homesickness,2,Rarely,No,2,Sometimes,No,3,5,5,Yes,No,2,5,3,Never,No,0,3.09,2
F,DIU,22,U,GT3,T,3,3,Housewife ,Businessman,Mother,3,Own choice,Reputation,Yes,3,Private accommodation,180,4,No,0,Yes,No,Recommendation from academic advisor,No,Academic difficulties,Homesickness,1,Always,Yes,3,Very Often,No,3,2,2,No,No,2,3,4,Never,Yes,5,3,2
M,DIU,23,R,GT3,A,3,4,Housewife,Bussinessman,Father,5,Own choice,Reputation,Yes,3,Private accommodation,10,1,No,,Yes,Yes,Personal or family reasons,No,,Homesickness,3,Rarely,Yes,4,Often,Yes,2,3,4,No,No,,5,3,Rarely,Yes,20,3.1,3
M,BUFT,27,R,GT3,A,0,0,Housewife,Businessman,Father,1,Referred by someone,,No,1,With family,60,4,Yes,3,No,No,,Yes,Financial problems,Difficulty understanding academic content,2,Always,Yes,2,Never,No,2,2,2,Yes,No,,4,4,Sometimes,No,12,2.6,3
F,IUB,25,R,GT3,A,2,3,Housewife,Businessman ,Father,4,Own choice,Reputation,No,3,With family,60,2,Yes,3,No,No,,No,,No major issues,4,Sometimes,Yes,3,Sometimes,No,2,4,3,Yes,Yes,2,3,2,Never,No,2,2.4,1
F,IUBAT,24,R,GT3,A,1,1,Housewife,Businessman,Father,3,Own choice,Reputation,Yes,3,With family,120,2,Yes,2,Yes,No,,Yes,Family responsibilities,Homesickness,3,Always,Yes,2,Sometimes,Yes,4,3,3,Yes,Yes,5,4,3,Never,Yes,9,2.3,1
M,DIU,26,U,GT3,A,4,4,Housewife,Govt job,Father,1,Own choice,Reputation,Yes,1,With family,240,2,Yes,1,No,Yes,Difficulty in previous courses,No,Academic difficulties,Difficulty making friends,1,Sometimes,Yes,5,Very Often,Yes,5,1,1,Yes,Yes,5,5,5,Always,Yes,25,2.5,5
M,DIU,24,R,GT3,T,3,4,Housewife ,Teacher ,Father,4,Own choice,Because of Waiver,Yes,3,In university halls,20,1,No,,Yes,No,,No,,Homesickness,3,Rarely,No,4,Sometimes,Yes,3,3,4,Yes,No,,5,4,Rarely,No,0,3.56,4
F,DIU,21,U,GT3,A,3,3,Housewife ,Businessman,Father,3,Own choice,Reputation,Yes,3,In university halls,20,2,No,,No,No,,No,,Difficulty understanding academic content,3,Sometimes,Yes,2,Rarely,No,2,4,3,Yes,Yes,4,4,4,Never,No,5,3.5,3
M,DIU,25,R,GT3,A,4,4,Govt job,Businessman,Father,3,Own choice,Near Home,Yes,3,With family,60,2,No,,No,No,,No,,Difficulty understanding academic content,2,Rarely,Yes,3,Never,Yes,2,4,3,Yes,Yes,4,4,4,Never,No,4,3.05,1
M,DIU,25,U,GT3,A,4,4,Housewife ,Businessman,Father,2,Own choice,Course,Yes,3,In university halls,60,3,No,0,No,No,,No,,No major issues,3,Often,No,3,Rarely,Yes,3,3,3,Yes,Yes,3,5,5,Sometimes,No,14,3.18,3
M,DIU,23,U,GT3,A,4,0,Housewife ,Farmer,Father,3,Own choice,Reputation,Yes,3,In university halls,10,3,No,0,Yes,Yes,Better career opportunities in the new major,No,,No major issues,5,Sometimes,Yes,5,Sometimes,Yes,3,5,5,Yes,Yes,5,5,5,Never,No,3,3.28,4
M,DIU,25,R,LE3,A,4,4,Teacher ,Teacher ,Father,3,Own choice,Course,Yes,3,In university halls,20,2,No,0,Yes,No,,No,,Difficulty making friends,3,Sometimes,Yes,3,Rarely,Yes,3,4,3,Yes,No,,5,5,Never,No,0,3,3
M,DIU,28,U,GT3,A,4,4,Housewife,Privet company,Father,1,By mistake,Referred by seniors,Yes,1,In university halls,20,1,Yes,3,No,Yes,Lack of interest in the original major,Yes,Poor teaching or learning environment,Difficulty understanding academic content,4,Always,Yes,5,Sometimes,No,2,2,2,Yes,Yes,5,4,3,Sometimes,No,3,2.7,3
M,DIU,23,U,GT3,A,4,4,Housewife,Teacher ,Father,3,Referred by someone,Course,Yes,2,In university halls,5,3,No,,No,Yes,Better career opportunities in the new major,No,,Difficulty understanding academic content,3,Sometimes,Yes,3,Sometimes,Yes,5,3,3,Yes,No,,5,3,Never,No,0,3,2
M,DIU,23,U,GT3,T,3,4,Housewife ,Businessman ,Father,4,Own choice,Reputation,Yes,5,In university halls,5,3,No,0,Yes,No,N/A,Yes,Health issues,Homesickness,3,Always,Yes,5,Often,Yes,1,3,2,Yes,Yes,3,5,3,Sometimes,No,0,3.91,4
M,JKKNIU ,21,R,GT3,T,3,0,Housewife ,Farmer,Father,3,Referred by someone,Near Home,Yes,3,In university halls,10,1,No,,No,No,Better career opportunities in the new major,Yes,Financial problems,Difficulty understanding academic content,3,Sometimes,Yes,3,Sometimes,No,3,3,3,No,No,1,5,2,Never,No,0,3.75,3
F,Jkkniu ,21,U,GT3,A,4,4, Housewife ,Teacher ,Father,5,Own choice,Near Home,Yes,3,With family,120,2,No,0,No,No,,No,Personal reasons,Difficulty understanding academic content,3,Always,Yes,2,Rarely,Yes,2,4,5,Yes,No,1,5,3,Never,No,0,3.5,3
F,JKKNIU ,19,R,LE3,A,1,0,Housewife ,Farmer,Father,5,Own choice,Reputation,Yes,5,Private accommodation,100,3,No,,No,No,Personal or family reasons,No,Financial problems,No major issues,4,Never,Yes,2,Never,No,3,5,5,Yes,No,1,5,5,Never,No,1,3:50,3
F,JKKNIU,19,U,LE3,A,4,4,Housewife, Business,Mother,1,Own choice,Course,Yes,1,Private accommodation,60,4,No,0,Yes,Yes,Better career opportunities in the new major,No,Difficulty adjusting to university life,Difficulty understanding academic content,2,Never,Yes,1,Sometimes,Yes,1,1,1,Yes,Yes,1,1,1,Never,Yes,0,3,3
M,DIU,22,U,GT3,A,3,4,Housewife,Engineer ,Father,3,Own choice,Course,Yes,3,In university halls,10,2,No,,Yes,No,,No,,No major issues,1,Rarely,Yes,5,Rarely,Yes,3,3,4,Yes,No,3,5,3,Rarely,Yes,1,2.72,4
M,DIU,23,R,GT3,T,3,4,Housewife ,Teacher ,Father,4,Own choice,Course,Yes,4,In university halls,120,1,No,0,Yes,No,Never changed ,No,Never considered ,No major issues,1,Rarely,Yes,3,Sometimes,Yes,3,4,5,Yes,Yes,3,5,5,Rarely,No,5,3.41,3
F,JKKNIU ,19,R,LE3,A,1,0,Housewife ,Farmer ,Father,5,Own choice,Reputation,Yes,5,With family,20,3,No,0,No,No,Personal or family reasons,No,Financial problems,No major issues,4,Never,Yes,2,Never,No,2,5,5,Yes,No,1,5,5,Never,No,2,3:50,3
F,JKKNIU ,20,R,LE3,A,3,3,Housewife ,Businessman,Father,5,Own choice,Near Home,Yes,3,Private accommodation,60,4,Yes,3,No,Yes,Difficulty in previous courses,No,Financial problems,Difficulty understanding academic content,3,Sometimes,Yes,3,Rarely,Yes,4,5,5,Yes,Yes,3,5,4,Never,No,0,3.5,4
M,JKKNIU ,20,R,LE3,A,4,3,Service holder,Businessman,Mother,2,Own choice,Near Home,Yes,2,Private accommodation,240,2,No,0,No,No,,No,,No major issues,1,Sometimes,Yes,3,Sometimes,Yes,3,2,2,Yes,No,,5,3,Never,No,0,,3
F,JKKNIU ,20,U,LE3,A,2,2,Housewife,Dead,Mother,1,Own choice,Course,Yes,1,With family,150,4,No,0,Yes,Yes,Recommendation from academic advisor,Yes,Difficulty adjusting to university life,Difficulty understanding academic content,1,Never,Yes,1,Sometimes,Yes,1,1,1,Yes,Yes,1,1,1,Never,Yes,0,3,3
F,JKKNIU ,20,U,GT3,A,4,4,Housewife ,Service holder ,Father,1,Own choice,Near Home,Yes,3,With family,20,1,No,,No,Yes,Better career opportunities in the new major,No,Academic difficulties,Difficulty understanding academic content,1,Rarely,Yes,5,Sometimes,Yes,5,5,5,Yes,No,5,5,5,Never,No,0,3,3
F,JKKNIU ,18,U,GT3,A,3,0,Housewife ,Farmer,Father,5,Own choice,Near Home,Yes,5,Private accommodation,10,2,No,,No,No,,No,,No major issues,2,Rarely,Yes,3,Never,No,3,4,5,Yes,No,,5,5,Never,No,0,3.8,5
F,JKKNIU ,19,R,GT3,A,1,3,Housewife ,Farmer,Father,3,Own choice,Near Home,Yes,4,Private accommodation,120,4,No,,No,Yes,Better career opportunities in the new major,No,,Homesickness,3,Rarely,Yes,3,Rarely,Yes,3,4,4,Yes,No,1,4,2,Never,No,0,3. 75,3
F,JKKNIU ,20,U,GT3,A,4,4,Housewife,Teacher,Father,5,Own choice,Near Home,Yes,5,In university halls,30,2,No,0,No,No,,No,Personal reasons,Homesickness,5,Always,Yes,5,Sometimes,Yes,1,3,5,Yes,Yes,5,5,3,Never,No,2,3.5,2
M,Jkkniu,19,U,GT3,A,2,4,Housewife ,Businessman ,Father,5,Own choice,Near Home,Yes,4,In university halls,10,4,No,,No,No,,No,,No major issues,3,Rarely,Yes,1,Never,Yes,1,5,5,Yes,No,1,5,4,Never,Yes,5,,4
M,DIU,21,R,GT3,T,4,3,Housewife,Businessman ,Father,3,Referred by someone,Reputation,Yes,3,In university halls,20,4,No,0,Yes,No,No,No,Never dropped ,No major issues,2,Sometimes,Yes,3,Rarely,No,3,3,2,Yes,Yes,5,4,1,Never,No,2,3.4,1
F,JKKNIU ,20,R,GT3,A,3,3,Housewife ,Businessman ,Father,5,Own choice,Near Home,No,1,Private accommodation,60,2,No,,No,No,,No,,Difficulty understanding academic content,4,Sometimes,Yes,5,Often,No,3,4,5,Yes,No,,5,3,Never,No,0,3,2
F,JKKNIU ,19,R,GT3,A,1,3,Housewife ,Farmer,Father,5,Own choice,Near Home,Yes,5,Private accommodation,120,2,No,0,No,No,,No,,No major issues,2,Rarely,Yes,5,Often,No,3,4,4,Yes,No,,5,4,Never,No,0,3.5,4
F,Jkkniu ,21,R,LE3,A,0,0,Housewife ,Farmer ,Father,5,Own choice,Near Home,Yes,5,Private accommodation,10,3,No,,Yes,No,Personal or family reasons,No,Financial problems,No major issues,3,Never,Yes,3,Sometimes,Yes,3,3,5,No,No,1,5,3,Never,No,0,3-3.5,3
F,JKKNIU ,20,R,GT3,A,1,3,Housewife ,Businessman,Father,5,Own choice,Near Home,Yes,5,Private accommodation,20,4,No,0,No,No,,No,Personal reasons,Homesickness,3,Always,Yes,5,Very Often,No,4,4,5,Yes,No,,5,3,Never,No,1,3.5,4
M,JKKNIU ,21,R,GT3,A,1,1,Housewife ,Driver ,Father,4,Own choice,Near Home,Yes,4,Private accommodation,180,4,No,,No,No,,No,,No major issues,3,Sometimes,Yes,4,Often,Yes,4,4,4,Yes,No,,5,4,Never,No,0,3.5,3
M,DIU,23,U,GT3,A,4,4,Teacher,Business,Mother,3,Own choice,Course,Yes,4,Private accommodation,30,4,No,,No,No,,No,,No major issues,3,Always,Yes,4,Rarely,No,3,3,3,Yes,No,,5,5,Never,No,1,3.03,1
F,JKKNIU ,20,U,GT3,A,4,4,Housewife,Teacher,Father,5,Own choice,Near Home,Yes,1,Private accommodation,120,4,No,,No,No,,No,,No major issues,1,Rarely,Yes,4,Never,No,1,1,1,Yes,No,1,1,1,Never,No,0,,1
F,JKKNIU,20,R,GT3,A,2,3,Housewife ,Businessman,Father,4,Own choice,Near Home,Yes,4,With family,120,3,No,,No,No,,No,,Difficulty understanding academic content,3,Sometimes,Yes,3,Never,No,3,4,4,Yes,No,,4,4,Never,No,0,3.25,3
M,JKKNIU ,21,U,GT3,A,3,3,Housewife ,Service holder ,Father,4,Own choice,Near Home,No,4,Private accommodation,120,1,No,0,No,No,,No,,Difficulty making friends,3,Sometimes,Yes,4,Sometimes,No,4,3,5,Yes,No,,5,4,Never,Yes,2,3.4,2
F,JKKNIU ,19,U,GT3,A,0,0,Housewife ,Garments worker,Father,2,Own choice,Near Home,Yes,1,Private accommodation,20,2,No,0,No,Yes,Better career opportunities in the new major,No,Poor teaching or learning environment,Difficulty understanding academic content,2,Sometimes,Yes,2,Never,No,3,3,3,Yes,No,1,4,3,Never,No,0,3.4,2
M,JKKNIU ,20,U,GT3,A,3,3,Housewife ,Service holder ,Father,3,Own choice,Near Home,No,4,Private accommodation,10,1,No,1,No,No,,No,,Difficulty making friends,4,Sometimes,Yes,3,Never,No,5,3,3,No,No,,3,2,Sometimes,No,7,3.5,3
F,JKKNIU ,21,U,GT3,A,1,2,Housewife ,Farmer,Father,5,Referred by someone,Near Home,Yes,5,Private accommodation,20,4,No,,No,No,,No,,Difficulty understanding academic content,2,Never,Yes,3,Often,No,2,5,5,Yes,No,,5,5,Never,Yes,2,,3
M,BUBT,21,U,GT3,A,4,4,Teacher,Teacher,Both,3,Referred by someone,Course,Yes,4,With family,180,2,No,0,Yes,No,No,No,No,No major issues,2,Sometimes,Yes,2,Sometimes,No,2,4,5,Yes,Yes,5,5,4,Never,No,1,3.5,3
M,JKKNIU ,19,R,GT3,A,0,0,Housewife ,Farmer,Father,3,Own choice,Reputation,Yes,3,Private accommodation,60,3,No,0,No,Yes,Better career opportunities in the new major,Yes,Financial problems,No major issues,4,Always,Yes,3,Sometimes,Yes,2,3,3,No,No,1,5,3,Never,No,2,No,4
F,Jkkniu ,20,U,GT3,A,4,3,Housewife ,Teacher ,Father,3,Own choice,Near Home,Yes,3,Private accommodation,10,2,No,,No,No,,No,,Homesickness,3,Sometimes,Yes,5,Sometimes,No,5,4,5,Yes,No,,4,3,Never,No,2,3.5,5
M,JKKNIU,21,R,GT3,A,4,4,Housewife ,Teacher ,Father,1,Near home,Near Home,Yes,1,With family,10,2,No,0,No,No,Recommendation from academic advisor,No,Personal reasons,Difficulty understanding academic content,4,Always,No,2,Never,No,1,1,1,Yes,No,2,5,2,Never,No,0,3,2
M,JKKNIU,21,U,GT3,A,4,3,Housewife,Gvt job ,Father,2,Own choice,Near Home,Yes,2,With family,10,4,No,,No,No,Lack of interest in the original major,Yes,"I don't like so called senior-junior hierarchy culture in university, sometimes immediate seniors' behavior hits my prestige. In short, according to ethics, academic definition and religion it is obvious that the culture is against justice. ",Difficulty understanding academic content,5,Often,Yes,1,Never,No,3,2,5,Yes,No,1,4,4,Often,No,15,,5
M,DIU,23,R,GT3,T,3,4,Housewife ,Teacher,Father,2,Referred by someone,Reputation,Yes,2,Private accommodation,180,2,Yes,1,Yes,No,Personal or family reasons,No,Family responsibilities,No major issues,2,Rarely,Yes,3,Sometimes,No,3,3,2,Yes,No,3,2,2,Sometimes,No,7,2.58,3
F,JKKNIU ,19,R,LE3,A,1,0,Housewife ,Farmer ,Father,5,Own choice,Reputation,Yes,5,With family,15,4,No,0,No,No,Personal or family reasons,No,Financial problems,No major issues,4,Never,Yes,2,Rarely,No,2,5,5,Yes,No,1,5,5,Never,No,2,3:50,3
M,DIU,23,U,GT3,A,4,4,Teacher,Lawyer,Father,3,Referred by someone,Near Home,Yes,3,In university halls,60,1,No,,Yes,No,,No,,No major issues,1,Sometimes,Yes,5,Sometimes,Yes,5,5,4,Yes,Yes,5,5,3,Sometimes,No,5,3.17,2
F,JKKNIU ,18,R,GT3,A,2,1,Housewife ,Businessman,Father,3,Own choice,Near Home,Yes,3,With family,60,2,No,,No,No,Difficulty in previous courses,No,Academic difficulties,No major issues,3,Sometimes,Yes,2,Never,No,3,2,5,Yes,Yes,5,5,3,Rarely,No,3,3.65,4
M,AIUB,25,U,GT3,A,4,4,Teacher,Businessman,Mother,3,Own choice,Reputation,Yes,4,Private accommodation,50,3,No,,No,No,,No,,No major issues,2,Rarely,Yes,4,Sometimes,No,2,3,4,Yes,Yes,4,5,4,Never,No,1,3.77,3
F,JKKNIU ,20,R,GT3,A,3,4,Housewife ,,Brother ,3,Own choice,Near Home,Yes,4,Private accommodation,90,1,No,,No,No,,No,,No major issues,3,Sometimes,Yes,3,Sometimes,Yes,3,3,3,Yes,No,,5,3,Rarely,No,0,,3
M,JKKNIU ,21,U,LE3,A,3,4,Housewife ,Dead,Uncle ,1,Mom's choice,Near Home,Yes,2,With family,20,1,Yes,1,No,No,,No,Poor teaching or learning environment,Difficulty understanding academic content,5,Always,No,3,Rarely,No,5,3,2,Yes,No,,1,2,Often,No,0,,1
M,Jkkniu ,20,U,GT3,T,3,1,Housewife ,Businessman ,Father,3,Own choice,Near Home,Yes,4,Private accommodation,180,2,No,,No,No,Lack of interest in the original major,No,,Homesickness,3,Sometimes,Yes,4,Rarely,Yes,3,4,4,Yes,No,,4,3,Rarely,No,7,,3
F,JKKNIU ,19,R,GT3,A,4,4,Teacher,Teacher,Father,2,Own choice,Near Home,Yes,3,Private accommodation,60,2,No,,No,No,,No,,No major issues,2,Rarely,Yes,3,Rarely,No,3,4,4,No,No,,5,4,Never,No,0,,3
F,JKKNIU ,19,U,GT3,A,3,4,Housewife ,Businessman ,Father,4,Own choice,Near Home,Yes,5,Private accommodation,10,4,No,,No,No,,No,,Homesickness,3,Sometimes,Yes,3,Often,Yes,2,5,5,Yes,No,,5,4,Never,No,0,,2
F,JKKNIU ,21,R,GT3,A,2,2,Housewife ,Govt job ,Father,2,Own choice,Near Home,No,2,With family,240,2,No,,No,No,,No,,Difficulty making friends,4,Often,No,1,Never,No,1,3,3,Yes,No,,4,2,Rarely,Yes,2,0,5
M,DIU,22,U,GT3,A,3,3,Housewife ,Migrate worker,Father,4,Own choice,Course,Yes,4,With family,10,3,No,0,Yes,No,,No,,Difficulty understanding academic content,3,Sometimes,Yes,4,Never,Yes,1,5,4,Yes,Yes,5,5,4,Never,No,3,3.15,1
M,DIU,23,R,GT3,A,4,4,Housewife ,Banker ,Father,3,Referred by someone,Course,Yes,1,In university halls,10,1,Yes,3,No,No,Difficulty in previous courses,No,Financial problems,Difficulty understanding academic content,1,Always,Yes,4,Never,No,3,3,1,Yes,No,1,4,3,Never,No,0,2.42,1
F,DIU,21,U,LE3,A,3,4,Housewife ,Govt job ,Mother,2,Own choice,Course,Yes,4,With family,10,3,No,0,No,Yes,Better career opportunities in the new major,No,None ,Difficulty making friends,3,Sometimes,Yes,4,Very Often,Yes,4,4,1,Yes,No,1,5,4,Sometimes,No,0,3,1
M,DIU,22,R,GT3,A,4,4,Teacher ,Businessman,Mother,4,Own choice,Course,Yes,3,Private accommodation,120,4,No,,No,No,,No,,Difficulty making friends,3,Sometimes,Yes,1,Rarely,Yes,3,4,5,Yes,Yes,3,5,3,Never,No,2,3.52,4
M,DIU,22,U,GT3,A,3,4,Housewife ,Businessman,Father,3,Referred by someone,Reputation,Yes,3,With family,60,1,No,,Yes,No,,Yes,Lack of interest in the program,Difficulty understanding academic content,4,Always,Yes,3,Rarely,Yes,2,3,2,Yes,Yes,4,5,3,Rarely,Yes,21,3.15,1
F,DIU,20,U,GT3,A,3,4,Housewife ,Businessman ,Father,3,Own choice,Course,Yes,4,In university halls,10,3,No,,Yes,No,,No,,Homesickness,2,Sometimes,Yes,4,Never,No,3,4,4,Yes,No,,5,2,Never,No,1,3.68,4
M,DIU,21,R,GT3,A,3,4,Housewife ,Businessman ,Father,3,Own choice,Reputation,Yes,3,Private accommodation,10,1,No,,Yes,No,,No,Peer pressure or social isolation,Difficulty understanding academic content,3,Often,Yes,3,Rarely,No,3,3,3,Yes,No,1,5,1,Rarely,No,2,3,1
M,DIU,21,R,GT3,A,3,3,Housewife ,Migrate worker,Father,1,Referred by someone,Course,No,1,Private accommodation,180,2,Yes,,No,No,,Yes,Difficulty adjusting to university life,Difficulty making friends,5,Never,No,1,Never,No,4,3,3,Yes,No,,4,3,Never,No,1,2,1
M,DIU,22,U,LE3,A,1,4,Housewife,Teacher,Father,3,Own choice,Course,Yes,3,Private accommodation,120,3,Yes,1,No,No,,No,,Difficulty making friends,4,Sometimes,No,5,Sometimes,No,2,3,5,Yes,No,1,5,1,Never,No,20,3,1
M,DIU,22,R,LE3,A,3,4,Housewife ,Teacher,Father,3,Own choice,Reputation,Yes,4,In university halls,10,2,No,,Yes,No,,No,,Homesickness,3,Sometimes,Yes,5,Rarely,Yes,3,2,3,Yes,No,,5,4,Sometimes,No,1,3.7,3
F,BAU ,21,U,GT3,A,4,4,Teacher ,Banker ,Father,3,Own choice,Reputation,Yes,3,In university halls,10,1,No,,No,No,,No,,Homesickness,2,Sometimes,Yes,2,Never,No,3,3,2,Yes,Yes,4,5,3,Never,No,1,3.817,2
F,BAU,23,R,LE3,A,4,3,Housewife , Doctor,Brother,4,Own choice,Reputation,Yes,3,In university halls,5,3,No,0,No,No,No,No,Health issues,Homesickness,3,Often,No,3,Never,No,2,4,4,Yes,No,,5,4,Never,No,0,3.69,1
F,BAU,21,R,GT3,A,3,3,Housewife ,Businessman ,Father,4,Referred by someone,Course,No,3,In university halls,10,3,No,,No,No,,No,,Homesickness,3,Often,No,2,Rarely,No,1,2,2,Yes,No,,3,2,Sometimes,No,15,3.592,3
F,BAU,22,U,GT3,A,4,4,Housewife,Teacher,Father,3,Own choice,Course,Yes,3,In university halls,30,4,No,,No,No,,No,,Difficulty making friends,3,Often,Yes,3,Rarely,No,2,4,4,Yes,No,,5,4,Rarely,No,0,3.799,4
M,BAU,22,U,GT3,A,4,4,Doctor,Doctor,Father,5,Own choice,Course,No,4,In university halls,30,3,Yes,3,No,No,,No,,Homesickness,4,Often,Yes,3,Sometimes,No,5,4,3,Yes,No,,4,2,Rarely,No,0,3.34,2
M,DIU,21,U,GT3,A,1,1,Housewife ,Farmer,Father,3,Own choice,Reputation,Yes,4,In university halls,20,3,No,0,Yes,No,,No,,Homesickness,4,Often,Yes,4,Very Often,Yes,3,5,5,Yes,Yes,4,5,2,Often,Yes,0,3.97,4
M,DIU,22,U,GT3,A,3,3,Housewife ,Migrate worker,Father,3,Own choice,Course,Yes,4,In university halls,10,4,No,,No,No,,No,,No major issues,3,Often,Yes,3,Rarely,No,3,3,4,Yes,No,,5,3,Never,No,0,3.25,1
M,DIU,21,U,GT3,A,4,4,Housewife ,Teacher ,Father,5,Own choice,Course,Yes,4,In university halls,20,3,No,,Yes,No,,No,,No major issues,2,Sometimes,Yes,3,Rarely,Yes,4,4,5,Yes,No,,5,4,Never,No,0,3.93,3
M,DIU,21,U,GT3,A,3,3,Housewife ,Service holder ,Father,2,Own choice,,Yes,3,In university halls,30,3,No,,Yes,No,,No,,Homesickness,3,Often,No,2,Never,No,1,3,2,Yes,No,,5,3,Sometimes,No,1,3,1
M,AUST,21,U,GT3,A,4,3,Housewife ,Businessman ,Father,3,Own choice,Reputation,Yes,4,Private accommodation,120,3,No,,No,No,,No,,Difficulty understanding academic content,4,Always,No,1,Never,No,1,2,2,Yes,No,,4,1,Never,No,20,2.5,1
M,DIU,25,U,GT3,A,4,4,Housewife ,Advocate  ,Father,5,Own choice,Reputation,Yes,5,In university halls,20,3,No,0,Yes,No,,No,,Homesickness,4,Sometimes,Yes,3,Rarely,Yes,3,2,3,Yes,No,1,5,5,Never,No,4,3.5,3
M,DIU,20,R,GT3,T,3,3,Housewife,Police Constable ,Father,2,Own choice,Course,Yes,5,Private accommodation,120,3,No,0,No,No,,No,Personal reasons,No major issues,2,Sometimes,No,1,Sometimes,Yes,1,3,3,Yes,No,1,5,3,Never,No,0,4,4
M,DIU,22,R,GT3,A,4,4,Housewife ,Teacher ,Father,3,Own choice,Course,Yes,3,In university halls,15,1,No,0,Yes,No,Lack of interest in the original major,No,Health issues,Homesickness,3,Sometimes,Yes,4,Never,No,4,3,2,Yes,No,1,4,3,Sometimes,Yes,15,3.57,3
M,DIU,20,U,GT3,A,3,3,Housewife,Businessman,Father,4,Own choice,Course,Yes,4,With family,120,1,Yes,,Yes,Yes,Difficulty in previous courses,No,Financial problems,Difficulty making friends,4,Sometimes,Yes,4,Sometimes,Yes,3,4,4,Yes,Yes,5,5,5,Sometimes,Yes,0,3.5,4
M,DIU,24,R,GT3,A,4,4,Housewife,Govt job ,Father,4,Referred by someone,Reputation,Yes,3,In university halls,90,1,No,,Yes,No,,No,,No major issues,1,Always,Yes,5,Never,No,5,5,3,Yes,No,,5,2,Rarely,No,2,3.58,1
M,BUFT,20,U,GT3,T,4,0,Housewife,Migrate worker,Mother,3,Own choice,Course,Yes,4,In university halls,10,3,Yes,,No,Yes,Personal or family reasons,No,Personal reasons,Difficulty making friends,4,Sometimes,Yes,4,Sometimes,No,5,3,3,Yes,No,,5,4,Rarely,No,6,3.3,3
M,DIU,20,R,GT3,A,3,4,Housewife,Businessman ,Father,4,Own choice,Course,Yes,3,In university halls,20,2,Yes,1,No,No,,Yes,Health issues,Difficulty understanding academic content,2,Sometimes,Yes,2,Never,No,5,4,2,Yes,Yes,5,5,4,Sometimes,No,1,,1
M,DIU,23,U,GT3,A,4,4,Teacher ,Businessman,Mother,4,Own choice,Course,Yes,4,In university halls,20,2,No,,Yes,No,,No,,No major issues,3,Rarely,No,4,Sometimes,No,3,3,3,Yes,No,,5,5,Rarely,No,0,3.25,3
M,DIU,23,U,GT3,A,4,4,Housewife ,Banker,Father,4,Referred by someone,Reputation,Yes,3,In university halls,10,3,No,0,Yes,No,,No,,No major issues,3,Sometimes,Yes,3,Often,Yes,3,3,3,Yes,No,,5,4,Never,No,1,3.72,4
M,NSU,20,U,GT3,A,4,4,Housewife,Businessman,Father,1,Own choice,Reputation,Yes,1,Private accommodation,20,3,No,,No,No,,Yes,,Homesickness,5,Often,No,3,Never,No,4,2,3,Yes,No,,1,3,Never,No,0,3.24,3
M,DIU,21,U,GT3,A,4,4,Housewife ,Teacher ,Father,1,Own choice,Course,Yes,3,In university halls,20,1,No,,No,No,,No,,No major issues,1,Rarely,Yes,4,Rarely,Yes,4,3,3,Yes,No,,5,4,Never,No,1,3.5,3
M,DIU,21,U,GT3,A,4,4,Teacher,Govt job ,Father,3,Referred by someone,Near Home,Yes,3,Private accommodation,120,3,No,1,No,No,Personal or family reasons,No,Personal reasons,Homesickness,2,Rarely,Yes,3,Sometimes,Yes,3,3,3,Yes,Yes,4,5,5,Rarely,Yes,0,3.3,3
M,DIU,20,U,GT3,A,2,3,Housewife,Service holder ,Father,1,Referred by someone,Reputation,No,1,In university halls,20,1,No,,Yes,No,Recommendation from academic advisor,Yes,Family responsibilities,Homesickness,5,Never,Yes,1,Never,Yes,1,1,1,No,No,,5,1,Often,No,1,,1
M,DIU,19,R,GT3,A,2,3,Housewife,Farmer,Father,2,Referred by someone,Course & beautiful campus,Yes,4,In university halls,20,2,No,0,Yes,No,No,No,No,No major issues,2,Sometimes,Yes,2,Never,No,5,1,2,Yes,No,1,5,5,Never,No,3,,5
M,DIU,21,U,GT3,A,4,4,Manager,ADM,Father,4,Own choice,Campus & waiver,Yes,3,In university halls,20,4,No,,Yes,No,,No,,No major issues,2,Sometimes,Yes,4,Rarely,No,3,2,3,Yes,No,,5,3,Never,No,2,3.5,1
M,DIU,24,U,GT3,A,4,4,Service holder,Service holder,Father,3,Referred by someone,Near Home,Yes,3,In university halls,20,4,No,0,Yes,No,,No,Financial problems,No major issues,3,Sometimes,Yes,2,Rarely,No,4,3,4,Yes,No,,4,2,Rarely,No,3,3.84,3
M,BUFT,20,U,GT3,A,2,2,Teacher,Teacher,Both,1,Own choice,Reputation,Yes,2,In university halls,30,2,No,0,Yes,No,Lack of interest in the original major,Yes,Academic difficulties,Homesickness,2,Rarely,Yes,2,Sometimes,No,5,4,3,No,Yes,3,2,3,Rarely,Yes,0,3.5,1
M,DIU,25,R,LE3,A,3,4,Housewife ,Teacher ,Father,4,Own choice,Course,Yes,3,In university halls,10,1,No,,Yes,No,,No,Academic difficulties,No major issues,1,Never,Yes,2,Never,No,1,4,3,Yes,No,,5,3,Rarely,No,0,3.3,5
M,DIU,21,R,GT3,A,4,4,Teacher,Businessman,Father,1,Own choice,Course,Yes,1,In university halls,10,3,No,,Yes,No,,No,,Difficulty understanding academic content,1,Never,Yes,5,Sometimes,Yes,2,5,5,Yes,No,1,5,3,Never,Yes,15,3.4,5
M,DIU,23,U,GT3,A,4,4,Housewife ,Migrate worker,Mother,3,Own choice,Reputation,Yes,3,In university halls,30,3,No,0,No,No,Better career opportunities in the new major,No,Personal reasons,No major issues,3,Sometimes,Yes,4,Rarely,Yes,3,4,4,Yes,Yes,3,3,3,Sometimes,No,0,3.86,5
M,DIU,20,U,GT3,A,4,4,Housewife ,Teacher ,Father,4,Own choice,Reputation,Yes,3,In university halls,10,4,No,,Yes,No,,No,,No major issues,3,Sometimes,Yes,4,Sometimes,No,3,4,5,Yes,No,,5,3,Never,No,10,4.62,3
M,DIU,21,U,GT3,A,4,4,Housewife,Teacher,Father,4,Own choice,Course,Yes,4,Private accommodation,10,3,No,,No,No,,No,,No major issues,2,Never,Yes,2,Rarely,Yes,2,4,4,Yes,No,,5,4,Never,No,0,3.93,3
M,DIU,24,U,LE3,A,4,4,Teacher,Businessman ,Father,4,Own choice,Beautiful campus,Yes,3,In university halls,20,4,Yes,0,No,No,,Yes,Health issues,Difficulty understanding academic content,3,Sometimes,Yes,5,Sometimes,Yes,3,3,1,Yes,Yes,4,4,4,Never,No,3,3.05,2
M,DIU,21,R,GT3,A,3,4,Housewife,Service holder ,Mother,4,Own choice,Reputation,Yes,3,In university halls,10,1,No,,Yes,No,,No,,No major issues,1,Always,Yes,4,Never,No,5,2,4,Yes,No,,5,3,Rarely,No,2,,1
M,DIU,24,U,GT3,A,3,4,Housewife,Banker,Father,4,Own choice,Near Home,Yes,1,In university halls,12,1,No,,Yes,No,,Yes,,No major issues,2,Sometimes,Yes,3,Sometimes,Yes,5,2,1,Yes,No,,5,3,Never,No,20,3.75,1
M,DIU,22,U,GT3,A,4,4,Housewife ,Govt job ,Father,3,Own choice,Course,Yes,3,In university halls,10,2,No,,Yes,No,,Yes,,Difficulty making friends,3,Often,Yes,4,Sometimes,No,2,1,2,Yes,No,,4,3,Sometimes,No,0,3.6,4
M,DIU,23,U,GT3,A,3,4,Housewife ,Businessman ,Father,3,Own choice,Near Home,Yes,2,In university halls,10,2,No,0,No,No,,No,,No major issues,1,Sometimes,Yes,4,Rarely,Yes,3,2,4,Yes,No,,5,4,Never,No,7,3.53,4
M,DIU,23,U,GT3,A,3,4,Banker,Teacher ,Father,4,Own choice,Reputation,Yes,5,In university halls,30,4,No,0,Yes,No,,No,,Homesickness,4,Often,Yes,3,Very Often,Yes,3,3,4,Yes,No,,4,3,Rarely,No,0,3.97,4
M,IUBAT,22,U,GT3,A,4,4,Housewife ,Teacher ,Father,2,Own choice,Course,Yes,3,With family,30,2,Yes,2,Yes,Yes,Better career opportunities in the new major,Yes,Personal reasons,No major issues,3,Sometimes,Yes,2,Sometimes,Yes,2,2,2,Yes,No,2,4,4,Never,No,0,3:50,3
M,DIU,20,U,GT3,A,4,4,Housewife,corporate farm,Father,3,Referred by someone,Course,Yes,3,Private accommodation,120,2,Yes,3,No,Yes,Difficulty in previous courses,Yes,Health issues,Homesickness,3,Sometimes,Yes,3,Sometimes,Yes,3,3,3,Yes,No,1,5,3,Sometimes,No,0,3,3
M,DIU,23,U,GT3,A,1,2,Housewife,Businessman,Father,4,Own choice,Reputation,Yes,4,With family,120,3,No,,Yes,No,,No,,No major issues,1,Rarely,Yes,4,Rarely,Yes,3,4,4,Yes,No,,5,4,Never,Yes,0,3.96,4
M,DIU,21,U,GT3,T,2,4,Housewife,Teacher,Father,2,Own choice,Course,Yes,4,With family,240,2,No,0,Yes,No,,No,,No major issues,4,Often,Yes,3,Rarely,No,3,3,3,Yes,No,,4,4,Never,No,1,3.35,3
M,"Leading university, Sylhet ",21,R,LE3,A,3,4,Housewife ,Businessman,Mother,2,Own choice,Course,Yes,2,Private accommodation,60,2,No,,No,No,,No,,Difficulty making friends,4,Sometimes,Yes,1,Rarely,No,1,3,3,Yes,No,,5,3,Never,No,5,3.13,2
M,DIU,23,U,LE3,T,4,3,Teacher ,Police ,Father,3,Referred by someone,Reputation,Yes,3,In university halls,30,2,Yes,0,Yes,Yes,Better career opportunities in the new major,Yes,Academic difficulties,Difficulty understanding academic content,3,Sometimes,No,3,Sometimes,Yes,3,3,3,Yes,No,3,1,2,Sometimes,No,3,3.2,1
M,DU,20,U,GT3,A,3,1,Housewife,Businessman,Father,5,Own choice,Reputation,Yes,5,In university halls,30,3,No,,No,No,,No,,Homesickness,3,Rarely,Yes,2,Rarely,No,3,3,5,Yes,No,,5,4,Never,No,10,3.7,3
M,DIU,19,U,GT3,A,4,4,Business ,Corporate farm,Mother,3,Referred by someone,Credit transfer ,No,4,Private accommodation,10,3,No,,No,No,Better career opportunities in the new major,No,,Homesickness,3,Sometimes,Yes,2,Sometimes,Yes,3,3,4,Yes,No,,4,4,Never,No,0,,5
M,DIU,21,U,GT3,A,2,2,Housewife,Businessman ,Father,4,Own choice,Reputation,Yes,4,In university halls,20,4,No,,Yes,No,Difficulty in previous courses,Yes,Health issues,No major issues,4,Sometimes,Yes,2,Sometimes,Yes,1,2,3,Yes,Yes,4,3,2,Rarely,No,10,3.91,2
M,DIU,23,U,GT3,A,2,3,Housewife ,Businessman ,Father,4,Own choice,Course,Yes,5,Private accommodation,30,3,No,,Yes,No,Personal or family reasons,Yes,Personal reasons,Homesickness,5,Often,Yes,4,Often,Yes,1,2,1,Yes,No,2,2,2,Never,Yes,4,3.78,4
M,DIU,21,U,GT3,A,4,3,Housewife,Businessman ,Father,3,Referred by someone,Course,Yes,3,In university halls,10,3,No,0,Yes,No,,No,,Difficulty understanding academic content,4,Sometimes,Yes,4,Sometimes,Yes,3,3,3,Yes,Yes,4,4,4,Sometimes,No,1,3.5,2
M,DIU,23,R,GT3,A,4,4,Housewife,Doctor,Father,1,Own choice,Waiver,No,1,In university halls,10,1,Yes,3,Yes,No,,Yes,Lack of interest in the program,Difficulty understanding academic content,5,Always,No,5,Sometimes,Yes,5,1,1,Yes,Yes,5,5,3,Always,Yes,15,3.48,5
M,DIU,22,U,GT3,A,3,3,Housewife ,Migrate worker,Father,4,Own choice,Course,Yes,4,With family,10,3,No,0,Yes,No,,No,,Difficulty understanding academic content,3,Sometimes,Yes,4,Never,Yes,1,5,4,Yes,Yes,5,5,4,Never,No,3,3.15,1
M,DIU,25,U,GT3,A,2,3,Housewife ,Businessman ,Father,2,Referred by someone,Waiver ,Yes,2,With family,120,1,No,0,Yes,No,Better career opportunities in the new major,No,Family responsibilities,Difficulty understanding academic content,3,Sometimes,Yes,3,Sometimes,No,3,3,3,Yes,No,1,3,3,Never,No,15,,3
M,DIU,20,U,GT3,T,3,4,Housewife ,Service holder ,Father,4,Referred by someone,Reputation,Yes,3,With family,120,2,No,,No,No,Personal or family reasons,No,Family responsibilities,Difficulty understanding academic content,3,Sometimes,No,5,Very Often,No,4,3,2,Yes,No,5,3,2,Often,No,0,4,3
M,DIU,20,R,GT3,A,3,4,Housewife,Businessman ,Father,4,Own choice,Course,Yes,3,In university halls,20,2,Yes,1,No,No,,Yes,Health issues,Difficulty understanding academic content,2,Sometimes,Yes,2,Never,No,5,4,2,Yes,Yes,5,5,4,Sometimes,No,1,,1
F,JKKNIU ,19,U,GT3,A,0,0,Housewife ,Garments worker,Father,2,Own choice,Near Home,Yes,1,Private accommodation,20,2,No,0,No,Yes,Better career opportunities in the new major,No,Poor teaching or learning environment,Difficulty understanding academic content,2,Sometimes,Yes,2,Never,No,3,3,3,Yes,No,1,4,3,Never,No,0,3.4,2
M,DIU,26,U,GT3,A,4,4,Housewife,Govt job ,Father,1,Own choice,Reputation,Yes,1,With family,240,2,Yes,1,No,Yes,Difficulty in previous courses,No,Academic difficulties,Difficulty making friends,1,Sometimes,Yes,5,Very Often,Yes,5,1,1,Yes,Yes,5,5,5,Always,Yes,25,2.5,5
M,JKKNIU ,21,R,GT3,A,1,1,Housewife ,Driver ,Father,4,Own choice,Near Home,Yes,4,Private accommodation,180,4,No,,No,No,,No,,No major issues,3,Sometimes,Yes,4,Often,Yes,4,4,4,Yes,No,,5,4,Never,No,0,3.5,3
M,DIU,24,U,GT3,A,4,4,Service holder,Service holder,Father,3,Referred by someone,Near Home,Yes,3,In university halls,20,4,No,0,Yes,No,,No,Financial problems,No major issues,3,Sometimes,Yes,2,Rarely,No,4,3,4,Yes,No,,4,2,Rarely,No,3,3.84,3
M,DIU,24,U,GT3,A,4,4,Teacher ,Govt job ,Father,3,Own choice,Reputation,No,2,Private accommodation,20,2,Yes,3,Yes,No,,No,Personal reasons,Difficulty understanding academic content,3,Sometimes,No,4,Often,Yes,3,3,3,Yes,Yes,3,2,3,Never,Yes,5,2.7,2
M,BUFT,20,U,GT3,T,4,0,Housewife,Foreigner ,Mother,3,Own choice,Course,Yes,4,In university halls,10,3,Yes,,No,Yes,Personal or family reasons,No,Personal reasons,Difficulty making friends,4,Sometimes,Yes,4,Sometimes,No,5,3,3,Yes,No,,5,4,Rarely,No,6,3.3,3
M,DIU,21,U,GT3,A,3,4,Housewife,Migrate worker,Father,3,Own choice,Course,Yes,4,With family,90,1,No,0,No,No,,No,,No major issues,2,Never,Yes,2,Rarely,Yes,1,4,4,Yes,No,,4,4,Never,No,1,,1
F,Institute science and technology,23,U,GT3,A,4,4,Housewife,Businessman,Father,4,Own choice,Near Home,Yes,4,With family,120,1,No,,No,No,,Yes,Financial problems,No major issues,1,Sometimes,Yes,2,Rarely,No,1,5,5,Yes,Yes,4,5,3,Never,Yes,15,3.02,4
M,DIU,25,U,GT3,A,4,4,Housewife,Service holder,Father,3,Referred by someone,Near Home,No,4,With family,150,2,No,0,Yes,No,,No,Family responsibilities,Difficulty making friends,3,Rarely,Yes,1,Never,No,1,1,3,Yes,No,,3,1,Sometimes,No,0,3.93,3
M,Primeasia ,27,U,GT3,A,3,4,Housewife ,Farmer,Father,1,Referred by someone,Course,Yes,1,Private accommodation,30,4,No,,Yes,No,,No,,No major issues,2,Never,Yes,4,Never,Yes,1,4,2,Yes,No,2,5,1,Never,Yes,0,3.41,5
F,DIU,19,R,GT3,A,1,1,Housewife ,,Father,2,Own choice,Course,Yes,1,In university halls,,3,No,,Yes,No,Difficulty in previous courses,No,Financial problems,No major issues,1,Never,Yes,1,Sometimes,Yes,1,1,1,Yes,No,,2,1,Never,Yes,,,1
M,DIU,21,U,GT3,A,4,4,Housewife ,Businessman,Father,1,Own choice,Near Home,Yes,3,With family,180,1,No,,Yes,No,,No,Family responsibilities,No major issues,5,Always,Yes,1,Never,No,1,3,5,Yes,No,,2,2,Never,Yes,20,3.82,2
M,DIU,23,R,LE3,A,3,4,Teacher,Govt Job,Father,4,Referred by someone,Course,Yes,4,Private accommodation,10,1,Yes,3,Yes,No,no,Yes,Poor teaching or learning environment,Difficulty making friends,4,Often,Yes,5,Rarely,No,4,2,1,Yes,Yes,4,4,3,Rarely,Yes,5,3.3,2
M,DIU,22,U,GT3,A,3,4,Housewife,Businessman,Father,4,Referred by someone,Reputation,Yes,3,Private accommodation,120,4,No,,No,No,Better career opportunities in the new major,No,Financial problems,No major issues,3,Often,Yes,4,Often,No,1,4,3,Yes,No,,3,3,Rarely,No,7,2.79,1
M,DIU,23,U,GT3,A,3,3,Housewife,Service holder,Father,4,Referred by someone,Reputation,Yes,3,With family,120,2,No,,Yes,No,,No,,Difficulty making friends,1,Often,Yes,2,Never,Yes,1,4,4,Yes,No,,5,4,Sometimes,Yes,8,3.63,5
M,DIU,20,R,GT3,T,3,3,Housewife,Police Constable ,Father,2,Own choice,Course,Yes,5,Private accommodation,120,3,No,0,No,No,,No,Personal reasons,No major issues,2,Sometimes,No,1,Sometimes,Yes,1,3,3,Yes,No,1,5,3,Never,No,0,4,4
F,Jkkniu ,20,U,GT3,A,4,3,Housewife ,Football couch ,Father,3,Own choice,Near Home,Yes,3,Private accommodation,10,2,No,,No,No,,No,,Homesickness,3,Sometimes,Yes,5,Sometimes,No,5,4,5,Yes,No,,4,3,Never,No,2,3.5,5
M,DIU,23,U,GT3,A,3,3,Housewife ,Businessman ,Father,3,Own choice,Near Home,Yes,3,With family,60,2,No,,Yes,No,,No,,Difficulty making friends,3,Sometimes,Yes,4,Rarely,No,3,3,2,Yes,No,,5,3,Rarely,No,5,3,2
F,BUFT,21,U,LE3,T,4,4,Teacher ,Teacher ,Mother,3,Own choice,Course,Yes,2,Private accommodation,30,3,Yes,1,No,No,,Yes,Difficulty adjusting to university life,Difficulty making friends,4,Often,Yes,3,Never,No,2,3,3,Yes,No,,4,3,Rarely,No,1,,4
F,DIU,23,R,GT3,A,2,3,Housewife,Doctor,Father,4,Referred by someone,Course,Yes,5,Private accommodation,10,3,No,,No,No,Personal or family reasons,No,Health issues,No major issues,3,Never,Yes,4,Often,Yes,4,5,5,Yes,Yes,5,5,4,Never,No,4,3.5,4
F,DIU,21,U,LE3,A,3,4,Housewife ,Govt job ,Mother,2,Own choice,Course,Yes,4,With family,10,3,No,0,No,Yes,Better career opportunities in the new major,No,None ,Difficulty making friends,3,Sometimes,Yes,4,Very Often,Yes,4,4,1,Yes,No,1,5,4,Sometimes,No,0,3,1
M,DIU,22,U,GT3,A,4,4,Housewife,Govt job ,Father,4,Own choice,Reputation,Yes,4,Private accommodation,120,2,No,,No,Yes,Better career opportunities in the new major,No,,Homesickness,4,Often,Yes,2,Rarely,Yes,1,2,3,Yes,Yes,4,5,4,Never,Yes,3,3.42,3
M,DIU,23,U,GT3,T,3,4,Housewife ,Businessman ,Father,4,Own choice,Reputation,Yes,5,In university halls,5,3,No,0,Yes,No,,Yes,Health issues,Homesickness,3,Always,Yes,5,Often,Yes,1,3,2,Yes,Yes,3,5,3,Sometimes,No,0,3.91,4
M,DIU,24,U,GT3,A,3,4,Housewife ,Service holder,Father,3,Own choice,Near Home,Yes,4,With family,150,1,No,0,Yes,No,Sometimes lacking interest in the original major ,No,Never considered to drop ,Difficulty understanding academic content,2,Sometimes,Yes,3,Rarely,No,2,3,1,Yes,No,3,3,4,Never,No,1,3.49,2
M,DIU,22,U,GT3,T,4,4,Housewife ,Businessman,Father,4,Own choice,Course,Yes,4,With family,120,2,No,0,Yes,No,,No,,No major issues,2,Sometimes,Yes,3,Sometimes,No,4,3,4,Yes,Yes,4,3,3,Rarely,No,0,3.8,3
M,DIU,24,U,GT3,A,3,4,Housewife,Teacher ,Father,4,Own choice,Playing field ,Yes,3,Private accommodation,20,1,No,,Yes,No,,No,,No major issues,1,Sometimes,Yes,3,Sometimes,Yes,3,3,3,Yes,No,,5,4,Never,No,0,4.46,4
F,DIU,23,U,GT3,A,4,4,Housewife,Account Manager ,Father,3,Own choice,Course,Yes,4,With family,120,3,No,0,Yes,No,Personal or family reasons,No,Health issues,No major issues,3,Sometimes,Yes,2,Rarely,Yes,1,1,3,Yes,No,1,5,2,Never,Yes,10,3.6,1
M,DIU,28,U,GT3,A,4,4,Housewife,Service holder,Father,1,By mistake,Referred by seniors,Yes,1,In university halls,20,1,Yes,3,No,Yes,Lack of interest in the original major,Yes,Poor teaching or learning environment,Difficulty understanding academic content,4,Always,Yes,5,Sometimes,No,2,2,2,Yes,Yes,5,4,3,Sometimes,No,3,2.7,3
F,JKKNIU ,19,R,LE3,A,1,0,Housewife ,Farmer ,Father,5,Own choice,Reputation,Yes,5,With family,15,4,No,0,No,No,Personal or family reasons,No,Financial problems,No major issues,4,Never,Yes,2,Rarely,No,2,5,5,Yes,No,1,5,5,Never,No,2,,3
M,DIU,22,U,LE3,A,1,4,Housewife,Teacher,Father,3,Own choice,Course,Yes,3,Private accommodation,120,3,Yes,1,No,No,,No,,Difficulty making friends,4,Sometimes,No,5,Sometimes,No,2,3,5,Yes,No,1,5,1,Never,No,20,3,1
M,DIU,20,U,GT3,T,3,4,Housewife ,Service holder ,Father,4,Referred by someone,Reputation,Yes,3,With family,120,2,No,,No,No,Personal or family reasons,No,Family responsibilities,Difficulty understanding academic content,3,Sometimes,No,5,Very Often,No,4,3,2,Yes,No,5,3,2,Often,No,0,4,3
M,DIU,23,U,LE3,T,4,4,Marketer,Businessman ,Mother,2,Referred by someone,Near Home,No,2,With family,20,3,No,,Yes,No,,Yes,Difficulty adjusting to university life,Homesickness,4,Sometimes,No,2,Never,No,1,3,3,Yes,No,,1,2,Sometimes,Yes,0,3.29,2
F,JKKNIU ,21,R,GT3,A,2,2,Housewife ,Govt job ,Father,2,Own choice,Near Home,No,2,With family,240,2,No,,No,No,,No,,Difficulty making friends,4,Often,No,1,Never,No,1,3,3,Yes,No,,4,2,Rarely,Yes,2,,5
M,DIU,24,R,GT3,A,3,4,Housewife,School Teacher ,Father,3,Referred by someone,Waiver Policy,Yes,3,In university halls,30,2,No,0,Yes,No,,No,Financial problems,Homesickness,4,Sometimes,Yes,4,Sometimes,No,1,3,3,Yes,No,,5,4,Rarely,No,0,3.71,4
M,DIU,23,U,LE3,T,4,3,Teacher ,Police ,Father,3,Referred by someone,Reputation,Yes,3,In university halls,30,2,Yes,0,Yes,Yes,Better career opportunities in the new major,Yes,Academic difficulties,Difficulty understanding academic content,3,Sometimes,No,3,Sometimes,Yes,3,3,3,Yes,No,3,1,2,Sometimes,No,3,3.2,1
F,JKKNIU ,20,R,GT3,A,3,3,Housewife ,Businessman ,Father,5,Own choice,Near Home,No,1,Private accommodation,60,2,No,,No,No,,No,,Difficulty understanding academic content,4,Sometimes,Yes,5,Often,No,3,4,5,Yes,No,,5,3,Never,No,0,3,2
F,DIU,24,U,GT3,A,3,4,Hom maker,Businessman,Father,4,Own choice,Course,Yes,3,In university halls,20,1,No,,Yes,No,,No,,Homesickness,3,Often,Yes,5,Sometimes,Yes,3,3,3,Yes,Yes,5,5,4,Never,No,0,3.88,3
M,JUST,23,R,GT3,A,3,4,Housewife,corporate farm,Father,3,Own choice,Reputation,Yes,3,With family,40,2,No,,Yes,No,,No,,Difficulty making friends,3,Often,Yes,2,Rarely,No,3,3,3,Yes,No,,3,3,Sometimes,No,3,3.23,3
M,MU,25,U,GT3,A,4,4,Teacher ,Businessman,Father,3,Referred by someone,Near Home,Yes,3,Private accommodation,120,2,Yes,5,Yes,No,,No,,No major issues,3,Sometimes,Yes,3,Rarely,Yes,3,3,2,Yes,No,,4,1,Never,No,10,3.12,2
M,BUFT,21,U,GT3,A,4,4,Housewife,Service holder ,Father,5,Own choice,Course,Yes,5,With family,60,1,No,0,No,Yes,Better career opportunities in the new major,No,Personal reasons,Homesickness,5,Never,No,5,Never,No,5,5,5,Yes,No,1,5,5,Always,No,2,3.5,5
F,DIU,24,U,GT3,A,4,4,Housewife ,Service holder ,My uncle,3,Referred by someone,Reputation,Yes,2,In university halls,10,1,No,,No,No,,Yes,Financial problems,Difficulty understanding academic content,4,Always,Yes,2,Rarely,No,2,2,2,Yes,No,,3,2,Never,Yes,5,3.62,1
M,DIU,28,U,GT3,A,4,4,Housewife,Service holder ,Father,1,By mistake,Referred by seniors,Yes,1,In university halls,20,1,Yes,3,No,Yes,Lack of interest in the original major,Yes,Poor teaching or learning environment,Difficulty understanding academic content,4,Always,Yes,5,Sometimes,No,2,2,2,Yes,Yes,5,4,3,Sometimes,No,3,2.7,3
F,JKKNIU ,19,R,LE3,A,1,0,Housewife ,Farmer ,Father,5,Own choice,Reputation,Yes,5,With family,15,4,No,0,No,No,Personal or family reasons,No,Financial problems,No major issues,4,Never,Yes,2,Rarely,No,2,5,5,Yes,No,1,5,5,Never,No,2,,3
F,YÄ±ldÄ±z teknik Ã¼niversitesi,23,U,LE3,A,4,4,,,,5,Own choice,Reputation,Yes,5,With family,60,4,No,0,Yes,No,â€Ž ,Yes,,No major issues,1,Never,Yes,5,Very Often,Yes,5,5,5,Yes,Yes,5,5,5,Never,Yes,4,4,5
M,DIU,23,U,GT3,A,4,4,Service holder,Teacher,Father,1,Own choice,Reputation,Yes,2,With family,120,2,No,,Yes,No,,Yes,Poor teaching or learning environment,No major issues,3,Sometimes,Yes,2,Never,No,1,4,1,Yes,Yes,3,2,1,Often,Yes,5,3.5,5
M,DIU,24,U,GT3,A,3,3,Housewife ,Businessman ,Father,3,Referred by someone,Course,No,3,With family,20,2,No,,Yes,No,,Yes,Love Affair,Homesickness,2,Sometimes,Yes,2,Rarely,No,2,2,2,Yes,Yes,3,3,3,Never,Yes,0,3.69,3
F,DIU,22,R,GT3,A,4,4,Housewife,Businessman ,Father,3,Referred by someone,Near Home,Yes,3,With family,180,3,No,0,Yes,No,,No,,Difficulty making friends,4,Often,No,1,Never,No,3,3,4,Yes,No,,5,3,Rarely,No,5,3.53,3
M,DIU,20,U,GT3,T,3,4,Housewife ,Service holder ,Father,4,Referred by someone,Reputation,Yes,3,With family,120,2,No,,No,No,Personal or family reasons,No,Family responsibilities,Difficulty understanding academic content,3,Sometimes,No,5,Very Often,No,4,3,2,Yes,No,5,3,2,Often,No,0,4,3
M,DIU,25,U,GT3,A,2,3,Housewife ,Businessman ,Father,2,Referred by someone,Waiver ,Yes,2,With family,120,1,No,0,Yes,No,Better career opportunities in the new major,No,Family responsibilities,Difficulty understanding academic content,3,Sometimes,Yes,3,Sometimes,No,3,3,3,Yes,No,1,3,3,Never,No,15,,3
F,DIU,22,U,LE3,A,3,4,Housewife ,Businessman ,Father,4,Referred by someone,Beautiful Campus ,Yes,3,In university halls,10,3,No,0,No,No,Difficulty in previous courses,Yes,Academic difficulties,Difficulty understanding academic content,5,Sometimes,Yes,3,Sometimes,Yes,2,2,4,Yes,Yes,5,5,3,Never,No,15,3.17,3
M,BUFT,21,U,GT3,A,3,4,Housewife,Businessman ,Father,3,Referred by someone,Course,Yes,1,With family,120,2,No,,No,No,,No,,No major issues,5,Always,Yes,2,Rarely,No,2,1,1,Yes,No,,1,1,Sometimes,No,15,2.89,2
F,DIU,20,R,GT3,A,4,4,Housewife ,Survice  holder,Father,1,Own choice,Course,Yes,3,With family,120,2,No,,Yes,No,,No,,Difficulty making friends,4,Sometimes,No,1,Rarely,Yes,2,2,2,Yes,No,,5,3,Rarely,No,0,3.56,1
F,JKKNIU ,19,R,GT3,A,1,3,Housewife ,Farmer,Father,5,Own choice,Near Home,Yes,5,Private accommodation,120,2,No,0,No,No,,No,,No major issues,2,Rarely,Yes,5,Often,No,3,4,4,Yes,No,,5,4,Never,No,0,3.5,4
F,DIU,21,U,GT3,A,3,3,Housewife ,Businessman,Father,3,Own choice,Reputation,Yes,3,In university halls,20,2,No,,No,No,,No,,Difficulty understanding academic content,3,Sometimes,Yes,2,Rarely,No,2,4,3,Yes,Yes,4,4,4,Never,No,5,3.5,3
M,DIU,23,R,GT3,A,4,4,Teacher  ,Teacher,Mother,3,Referred by someone,Reputation,Yes,3,Private accommodation,10,3,No,,Yes,No,Personal or family reasons,No,Family responsibilities,Difficulty understanding academic content,3,Sometimes,Yes,3,Often,Yes,1,3,3,Yes,Yes,4,5,3,Often,No,3,3.5,3
F,DIU,22,U,GT3,A,3,3,Housewife,Govt job ,Father,3,Own choice,Course,Yes,3,Private accommodation,120,3,No,0,Yes,No,,No,,No major issues,3,Sometimes,Yes,3,Sometimes,Yes,2,3,3,Yes,No,,5,4,Rarely,No,0,3.1,1
M,DIU,21,U,GT3,A,4,4,Housewife ,Retired ,Father,4,Referred by someone,Course,Yes,5,With family,180,4,No,,Yes,No,,No,,No major issues,1,Sometimes,Yes,1,Never,Yes,3,2,4,Yes,No,1,5,4,Never,No,4,3.34,2
M,DIU,22,U,GT3,A,3,4,Housewife ,Businessman,Father,3,Referred by someone,Reputation,Yes,3,With family,60,1,No,,Yes,No,,Yes,Lack of interest in the program,Difficulty understanding academic content,4,Always,Yes,3,Rarely,Yes,2,3,2,Yes,Yes,4,5,3,Rarely,Yes,21,3.15,1
M,DIU,21,U,GT3,T,1,1,Housewife,Farmer,Father,3,Own choice,Course,Yes,4,Private accommodation,120,1,Yes,3,No,No,Better career opportunities in the new major,No,Academic difficulties,Homesickness,3,Sometimes,No,3,Rarely,No,3,3,3,Yes,Yes,4,5,5,Never,Yes,5,1.21,3
M,DIU,26,R,GT3,A,1,3,Housewife, Businessman,Father,3,Own choice,Reputation,Yes,3,With family,120,3,Yes,1,Yes,No,,Yes,Family responsibilities,No major issues,2,Sometimes,Yes,2,Rarely,No,1,3,3,Yes,Yes,3,2,3,Rarely,Yes,0,2.86,3
M,DIU,24,R,GT3,A,4,4,Housewife,Govt job,Father,4,Referred by someone,Reputation,Yes,3,In university halls,90,1,No,,Yes,No,,No,,No major issues,1,Always,Yes,5,Never,No,5,5,3,Yes,No,,5,2,Rarely,No,2,3.58,1
M,DIU,25,R,LE3,A,4,4,Teacher,Teacher,Father,3,Own choice,Reputation,Yes,3,In university halls,120,1,No,0,Yes,No,No changed,No,Did not considered ,Difficulty understanding academic content,3,Sometimes,Yes,3,Rarely,No,3,3,4,Yes,No,,5,3,Never,No,5,3.12,3
M,DIU,25,U,GT3,T,4,4,Housewife,Dead,Mother,4,Own choice,Near Home,Yes,4,With family,120,3,Yes,4,Yes,No,Difficulty in previous courses,No,Financial problems,Homesickness,3,Never,Yes,4,Sometimes,No,1,1,1,Yes,No,5,5,1,Always,No,4,,3
M,JKKNIU ,19,R,GT3,A,0,0,Housewife ,Farmer,Father,3,Own choice,Reputation,Yes,3,Private accommodation,60,3,No,0,No,Yes,Better career opportunities in the new major,Yes,Financial problems,No major issues,4,Always,Yes,3,Sometimes,Yes,2,3,3,No,No,1,5,3,Never,No,2,,4
M,SMUCT,28,U,GT3,A,4,4,Housewife,Engineer,Father,5,Referred by someone,Reputation,Yes,5,With family,60,2,No,0,No,No,Personal or family reasons,No,Health issues,Difficulty making friends,3,Sometimes,Yes,3,Sometimes,Yes,3,3,3,Yes,No,1,4,3,Sometimes,Yes,0,3.5,3